Symbol,Company Name,Security Price,Volume (90 Day Avg),Market Capitalization,Dividend Yield,Company Headquarters Location,Sector,Industry,Price Performance (52 Weeks),Total Return (1 Yr Annualized),Beta (1 Year Annualized),Standard Deviation (1 Yr Annualized),S&P Global Market Intelligence Valuation,S&P Global Market Intelligence Quality,S&P Global Market Intelligence Growth Stability,S&P Global Market Intelligence Financial Health,P/E (Price/TTM Earnings),PEG Ratio,EPS Growth (Proj This Yr vs. Last Yr),Institutional Ownership,Institutional Ownership (Last vs. Prior Qtr)
A,Agilent Technologies Inc,66.46,2.14098,$20.39B,1.09489,United States of America,Health Care,Life Sciences Tools & Services,-19.01478,-18.32496,0.994915,0.25951,84,68,0,86,27.5,3.06181,9.09968,85.0947,0.5108
ARNC,Arconic Inc,13.25,4.0201,$6.86B,0.50473,United States of America,Industrials,Aerospace & Defense,-17.10251,-16.8494,1.21533,0.45406,25,34,85,41,12.9,2.13727,12.18009,83.5221,-0.2407
AAP,Advance Auto Parts Inc.,75.03,1.13519,$5.95B,1.1632,United States of America,Consumer Discretionary,Specialty Retail,-47.39322,-47.16449,0.597397,0.32563,68,41,72,74,11,1.19702,,97.6128,-6.4179
AAPL,Apple Inc,229.24,38.10976,$1.07T,1.25827,United States of America,Information Technology,"Technology Hardware, Storage & Peripherals",31.22822,32.94008,1.292754,0.27508,67,93,90,62,18.1,1.62301,10.63919,59.3496,-1.0976
ABC,AmerisourceBergen Corp,80.61,1.52414,$17.70B,1.95349,United States of America,Health Care,Health Care Providers & Services,6.08116,8.09359,1.008351,0.28388,91,99,5,98,26.1,3.35929,8.67419,65.8502,-0.6031
ABMD,ABIOMED Inc,130.51,0.88373,$6.34B,,United States of America,Health Care,Health Care Equipment & Supplies,-58.59559,-58.59559,1.099895,0.50814,83,84,81,25,24.5,,-8.21569,97.0065,6.8114
ABT,Abbott Laboratories,68,6.07668,$131.31B,1.93289,United States of America,Health Care,Health Care Equipment & Supplies,-6.82841,-5.32596,1.01398,0.22233,74,96,72,81,33,3.30305,10.58642,74.1258,1.0442
CB,Chubb Ltd,101.56,1.87391,$44.53B,3.04476,Switzerland,Financials,Insurance,-27.3913,-25.37233,0.786347,0.29926,42,67,80,60,10.5,2.25427,9.25816,87.2047,-1.924
ACN,Accenture PLC,149.94,2.43799,$101.00B,2.01893,Ireland,Information Technology,IT Services,-4.63297,-3.06635,1.020274,0.23092,77,79,78,79,19.5,2.80583,4.87772,71.7749,0.8412
ADBE,Adobe Inc,295.34,2.90184,$148.32B,,United States of America,Information Technology,Software,18.08233,18.08233,0.859872,0.23564,60,78,85,47,44.7,2.42039,24.39644,84.4358,-0.7351
ADI,Analog Devices Inc.,85.08,2.64651,$33.26B,2.74579,United States of America,Information Technology,Semiconductors & Semiconductor Equipment,-17.85357,-16.14996,1.249775,0.33137,71,79,3,44,26.3,3.92627,-9.82524,86.011,-0.5438
ADM,Archer-Daniels-Midland Co,30.61,3.28573,$18.64B,4.30365,United States of America,Consumer Staples,Food Products,-22.20414,-19.53558,1.046763,0.25011,24,10,79,60,12.5,,24.67681,77.612,1.2334
ADP,Automatic Data Processing Inc.,112.06,2.17756,$50.68B,3.1013,United States of America,Information Technology,IT Services,-24.09623,-22.4686,0.997358,0.28934,71,55,46,91,19.8,1.39688,12.27523,79.4995,-0.9396
ADS,Alliance Data Systems Corp,27.55,1.0274,$1.21B,9.92908,United States of America,Information Technology,IT Services,-85.23732,-84.92237,1.185751,0.70024,97,59,5,76,2.5,0.5708,15.26535,93.3853,4.431
ADSK,Autodesk Inc.,148.02,1.76618,$32.83B,,United States of America,Information Technology,Software,-3.78466,-3.78466,0.959284,0.33186,12,87,82,23,154.2,1.89779,54.33692,91.7588,-3.3083
AEE,Ameren Corp,62.93,1.86096,$17.70B,2.75459,United States of America,Utilities,Multi-Utilities,-0.16667,2.37761,0.565028,0.20304,61,71,37,60,18.8,4.37892,4,75.1612,-0.2538
AEP,American Electric Power Co Inc,71.45,3.01455,$39.93B,3.46492,United States of America,Utilities,Electric Utilities,-2.11967,0.84232,0.687388,0.23566,32,40,6,48,18.4,3.37722,3.23113,74.1578,0.5349
AES,AES Corp (The),11.87,5.36256,$7.30B,5.21565,United States of America,Utilities,Independent Power and Renewable Electricity Producers,-38.39686,-36.47309,1.348488,0.43045,74,86,24,40,26.4,2.77525,6.02941,93.5593,1.1098
AFL,AFLAC Inc,26.73,3.58779,$19.55B,4.16357,United States of America,Financials,Insurance,-46.30739,-45.1945,1.166905,0.37905,83,69,54,78,6,2.22848,-0.04505,67.6941,7.5732
HES,Hess Corp,30.69,3.48581,$9.49B,3.21234,United States of America,Energy,"Oil, Gas & Consumable Fuels",-46.31833,-45.24438,1.13265,0.48084,22,36,10,28,--,,-13.47368,84.5607,-2.1236
AIG,American International Group Inc,19.23,5.89746,$17.92B,6.21359,United States of America,Financials,Insurance,-53.03238,-51.59095,0.97697,0.4961,45,5,63,67,5.2,0.78765,-3.48584,90.5257,-0.4367
AIV,Apartment Investment and Management Co,28.31,1.23559,$4.64B,5.2581,United States of America,Real Estate,Equity Real Estate Investment Trusts (REITs),-37.24346,-35.30497,0.842751,0.37918,73,72,54,77,9,,-82.92063,99.6481,0.4549
AIZ,Assurant Inc.,91.05,0.44669,$5.00B,3.02013,United States of America,Financials,Insurance,-13.97938,-12.2419,0.913145,0.32686,67,67,74,66,15.6,,13.04094,94.5473,-0.0999
AJG,Arthur J. Gallagher & Co.,71.58,0.88168,$12.90B,2.62582,United States of America,Financials,Insurance,-13.47974,-11.8629,0.675202,0.27797,59,84,40,44,20.3,1.63239,13.4153,82.2587,0.2709
AKAM,Akamai Technologies Inc,82.37,1.50285,$14.39B,,United States of America,Information Technology,IT Services,22.39978,22.39978,0.972837,0.27039,73,51,70,49,28.4,4.2901,8.8196,89.1585,0.7234
ALB,Albemarle Corp,53.45,1.85171,$6.57B,2.48628,United States of America,Materials,Chemicals,-27.32606,-25.75175,1.30256,0.38591,32,21,39,64,10.6,1.12682,-20.56291,89.7491,-1.6113
ALGN,Align Technology Inc,144.82,0.84878,$11.16B,,United States of America,Health Care,Health Care Equipment & Supplies,-45.14636,-45.14636,1.301445,0.56201,85,96,50,69,26.2,1.31424,15.44304,83.849,2.3597
ALK,Alaska Air Group Inc.,23.56,1.53004,$2.97B,6.20347,United States of America,Industrials,Airlines,-56.90608,-55.94927,1.512935,0.48414,87,74,94,94,3.8,0.24204,-20.40498,88.2678,1.9933
ALL,Allstate Corp (The),73.87,1.85606,$23.81B,2.89195,United States of America,Financials,Insurance,-20.71967,-19.16647,0.975992,0.29805,83,63,94,79,5.3,2.37559,-0.25887,75.6022,-1.6376
ALXN,Alexion Pharmaceuticals Inc,80.35,2.17224,$18.48B,,United States of America,Health Care,Biotechnology,-37.18971,-37.18971,0.967137,0.35074,98,78,88,87,7.5,0.59422,4.89079,90.2403,-1.3011
AMAT,Applied Materials Inc.,37.99,8.68234,$36.93B,2.1896,United States of America,Information Technology,Semiconductors & Semiconductor Equipment,-0.44588,1.17355,1.431516,0.4249,91,68,65,69,12.6,0.62207,36.57895,79.8962,0.7349
PLD,Prologis Inc,62.82,3.82808,$40.38B,3.6301,United States of America,Real Estate,Equity Real Estate Investment Trusts (REITs),-9.25742,-6.66309,1.053321,0.27032,26,65,22,74,25.5,,-33.84937,83.2573,2.2398
AMD,Advanced Micro Devices Inc,39.61,63.87531,$46.59B,,United States of America,Information Technology,Semiconductors & Semiconductor Equipment,53.15385,53.15385,1.785738,0.47903,26,55,79,22,132,3.72616,77.65625,68.2386,1.5496
AME,AMETEK Inc,63.37,1.4091,$15.81B,1.04333,United States of America,Industrials,Electrical Equipment,-14.89703,-14.30202,1.118025,0.28145,43,35,72,47,16.9,4.08948,1.90931,85.8362,0.0842
AMGN,Amgen Inc,188.25,2.67743,$117.55B,3.21996,United States of America,Health Care,Biotechnology,3.79654,6.86275,0.886233,0.2679,94,83,1,86,14.6,2.28829,5.93792,76.1238,-0.985
AMT,American Tower Corp,195.39,1.92772,$92.56B,2.06699,United States of America,Real Estate,Equity Real Estate Investment Trusts (REITs),10.05213,12.00171,0.489295,0.25611,67,83,96,26,46.1,2.32513,6.32075,91.6985,0.2404
AMZN,Amazon.com Inc,1846.09,4.37604,$936.70B,,United States of America,Consumer Discretionary,Internet & Direct Marketing Retail,6.7588,6.7588,0.903267,0.21827,50,87,70,40,80.2,2.71801,24.55889,55.4284,-0.4405
ANSS,ANSYS Inc,213.11,0.66126,$18.95B,,United States of America,Information Technology,Software,22.06824,22.06824,1.219745,0.2652,45,29,46,58,40.6,5.94264,-2.70517,95.9518,1.9743
AON,Aon plc,149.55,1.21996,$35.07B,1.16495,United Kingdom,Financials,Insurance,-10.05001,-9.23722,0.80377,0.27051,68,78,63,45,23.5,2.0022,13.52236,85.9974,-0.7073
AOS,A. O. Smith Corp,34.75,1.98689,$5.98B,2.60516,United States of America,Industrials,Building Products,-29.31134,-27.93331,1.090807,0.31475,46,56,47,61,15.7,2.06558,4.45946,96.4815,1.7322
APA,Apache Corp,4.83,7.50539,$1.86B,20.20202,United States of America,Energy,"Oil, Gas & Consumable Fuels",-85.64801,-85.12155,1.42754,0.91067,56,62,2,67,--,,,95.5981,0.376
APD,Air Products and Chemicals Inc.,189.15,1.26545,$42.16B,2.8057,United States of America,Materials,Chemicals,3.32071,5.55729,1.130768,0.26564,34,47,77,53,22.2,1.81405,14.53106,84.058,0.7356
APH,Amphenol Corp,70.04,1.39181,$20.48B,1.45433,United States of America,Information Technology,"Electronic Equipment, Instruments & Components",-28.15798,-27.39534,1.118029,0.29894,69,66,15,62,18.7,3.0059,-2.75401,94.6433,0.9822
ARE,Alexandria Real Estate Equities Inc.,123.31,0.9077,$15.95B,3.12121,United States of America,Real Estate,Equity Real Estate Investment Trusts (REITs),-5.50505,-2.94223,0.655648,0.21541,20,48,86,72,39.5,,-12.75641,94.5489,2.1111
ATO,Atmos Energy Corp,86.2,0.97324,$12.04B,2.33479,United States of America,Utilities,Gas Utilities,-2.92669,-0.97601,0.732161,0.21922,20,35,40,66,19.3,3.11091,7.56322,83.6262,3.2333
ATVI,Activision Blizzard Inc,52.05,6.78691,$41.61B,0.75744,United States of America,Communication Services,Entertainment,16.60922,17.53848,0.95178,0.26554,26,35,20,50,26.7,3.14728,8.97778,88.0004,-0.2436
AVB,AvalonBay Communities Inc.,131.62,0.74068,$20.61B,4.33922,United States of America,Real Estate,Equity Real Estate Investment Trusts (REITs),-25.37929,-23.15744,0.752541,0.28045,33,73,3,93,23.4,,-13.19716,92.1343,-1.0016
AVY,Avery Dennison Corp,90.8,0.58921,$8.59B,2.25133,United States of America,Materials,Containers & Packaging,-8.21235,-6.35605,1.224015,0.29591,56,90,59,53,25.4,2.72404,5.93939,87.7424,-0.3073
IVZ,Invesco Ltd,8.55,5.30276,$4.46B,12.60163,United States of America,Financials,Capital Markets,-50.65196,-47.24978,1.541578,0.3709,64,38,65,65,6.7,8.4851,-6.39216,66.5116,-0.5781
AXP,American Express Co,74.12,4.43133,$62.43B,2.23174,United States of America,Financials,Consumer Finance,-31.5967,-30.6403,1.354924,0.35968,89,93,27,66,9.3,1.01812,2.40244,84.2308,-0.5473
AZO,AutoZone Inc,728.13,0.27193,$19.43B,,United States of America,Consumer Discretionary,Specialty Retail,-15.49556,-15.49556,0.633318,0.29187,18,80,29,45,11.2,1.28679,3.30128,90.6247,-3.3401
BA,Boeing Co,95.01,9.23834,$55.00B,8.41265,United States of America,Industrials,Aerospace & Defense,-73.83445,-73.21066,0.93681,0.59221,35,5,2,76,--,,,67.3451,-1.453
BAC,Bank of America Corp,19.67,60.02509,$187.33B,3.39623,United States of America,Financials,Banks,-28.49916,-26.79006,1.469824,0.32694,65,72,52,89,7.2,1.23185,5.34545,70.4229,-0.9133
BAX,Baxter International Inc,75.75,2.87848,$39.57B,1.12575,United States of America,Health Care,Health Care Equipment & Supplies,0.74752,1.81818,0.818614,0.23721,79,97,11,86,39.2,3.96779,7.70393,81.8633,-0.722
TFC,Truist Financial Corp,30.04,6.6842,$40.22B,6.00601,United States of America,Financials,Banks,-39.43007,-37.31623,1.332019,0.36091,36,80,3,98,8.1,1.1343,5.89109,,74.2491
BBY,Best Buy Co Inc,51.65,2.84286,$14.24B,4.01826,United States of America,Consumer Discretionary,Specialty Retail,-21.66261,-19.28981,1.417459,0.37371,78,72,65,80,9,1.18533,,77.6653,0.0448
BDX,Becton Dickinson and Co,220.12,1.73735,$59.92B,1.43012,United States of America,Health Care,Health Care Equipment & Supplies,-10.74848,-9.62489,0.628236,0.23568,77,96,9,84,79.8,10.13392,2.45719,84.5374,0.4605
BEN,Franklin Resources Inc,16.9,4.65168,$9.67B,5.55841,United States of America,Financials,Capital Markets,-42.1554,-40.11271,1.221453,0.33146,28,41,40,57,6.7,-2.04844,0.04255,48.1107,-1.7353
WRB,Berkley (W.R.) Corp,47.58,1.35201,$8.89B,0.90815,United States of America,Financials,Insurance,-10.89345,-10.29227,0.90368,0.27166,55,76,31,76,13.5,3.93724,4.30508,69.8029,0.5637
BF/B,Brown-Forman Corp,48.85,1.02341,$27.02B,1.23376,United States of America,Consumer Staples,Beverages,10.19891,11.45754,1.132473,0.29016,,,,,27.4,6.89298,2.36994,48.4091,0.8654
BKR,Baker Hughes a GE Co,10,6.43573,$6.59B,7.10059,United States of America,Energy,Energy Equipment & Services,-63.5514,-62.38172,1.820643,0.486,43,45,56,75,43.5,1.33923,14,96.5353,-1.2385
BIIB,Biogen Inc,278.77,1.89435,$50.17B,,United States of America,Health Care,Biotechnology,-11.03904,-11.03904,1.297534,0.45681,98,93,84,93,8.9,2.89261,-2.99077,85.8133,-5.2779
BK,Bank of New York Mellon Corp (The),29.07,5.35776,$27.02B,4.13333,United States of America,Financials,Capital Markets,-43.5241,-42.06359,1.045396,0.32719,40,52,91,42,6.4,15.19064,-0.87065,79.8704,-2.6116
BLK,Blackrock Inc,354.72,0.70672,$61.67B,3.65412,United States of America,Financials,Capital Markets,-8.56249,-5.80324,1.554258,0.29567,38,69,70,63,12.5,2.03351,3.10042,81.7512,2.4728
BLL,Ball Corp,54.89,2.36245,$19.51B,0.99817,United States of America,Materials,Containers & Packaging,3.53083,4.43025,0.5625,0.2854,48,85,86,34,33.1,3.00777,14.18972,81.0637,-1.2188
BMY,Bristol-Myers Squibb Co,48.4,18.05465,$109.83B,3.68928,United States of America,Health Care,Pharmaceuticals,-1.63306,1.64033,0.861383,0.26276,96,87,1,94,24.1,1.21741,33.19829,96.1966,28.6813
BRK/B,Berkshire Hathaway Inc,170.06,5.34117,$425.77B,,United States of America,Financials,Diversified Financial Services,-14.85255,-14.85255,0.88983,0.2116,,,,,5.1,,7.94479,67.3201,1.8637
BSX,Boston Scientific Corp,27.24,8.66882,$39.43B,,United States of America,Health Care,Health Care Equipment & Supplies,-25.9366,-25.9366,0.916821,0.32194,84,40,81,83,8.2,0.79038,10.56962,90.9029,-0.1137
BWA,BorgWarner Inc,20.5,2.67989,$4.34B,3.23655,United States of America,Consumer Discretionary,Auto Components,-44.94235,-43.86813,1.260621,0.46017,69,66,17,76,5.7,0.90342,-8.01453,92.278,0.736
BXP,Boston Properties Inc,82,0.741,$13.25B,4.58104,United States of America,Real Estate,Equity Real Estate Investment Trusts (REITs),-35.29189,-33.40438,0.858229,0.325,56,68,32,17,24.8,,8.18182,89.0801,-1.4262
C,Citigroup Inc,38.06,16.44503,$83.80B,5.14632,United States of America,Financials,Banks,-39.60079,-37.9201,1.534466,0.42529,92,63,46,78,4.7,0.37926,3.17164,75.5087,-0.1487
CAG,Conagra Brands Inc,26.05,5.07018,$12.81B,3.23071,United States of America,Consumer Staples,Food Products,15.34415,18.63038,1.035895,0.40579,63,31,58,39,15.8,1.83386,1.64179,85.8599,-1.7447
CAH,Cardinal Health Inc,43.33,2.88532,$12.79B,4.39461,United States of America,Health Care,Health Care Providers & Services,-13.3729,-9.86564,1.253676,0.32802,80,99,8,98,--,,1.32576,87.3653,-1.6864
CAT,Caterpillar Inc,95.5,3.73379,$56.66B,3.99961,United States of America,Industrials,Machinery,-23.21282,-21.00682,1.127968,0.31864,70,52,72,58,8.9,2.93324,-20.75949,66.1851,1.5861
CBRE,CBRE Group Inc,34.26,1.6479,$13.20B,,United States of America,Real Estate,Real Estate Management & Development,-22.0091,-22.0091,1.144729,0.35804,68,90,95,54,9.1,0.95358,6.25337,93.2511,1.959
CCI,Crown Castle International Corp,128.06,2.21457,$54.39B,3.67113,United States of America,Real Estate,Equity Real Estate Investment Trusts (REITs),4.96107,8.48364,0.847377,0.31248,48,64,40,13,71.5,3.47832,23.38889,90.987,2.2842
CCL,Carnival Corporation & Plc,12,11.30587,$6.84B,20,United States of America,Consumer Discretionary,"Hotels, Restaurants & Leisure",-82.493,-81.72134,1.385491,0.69319,71,76,12,95,2.8,,-31.79545,76.4881,10.4556
CDNS,Cadence Design Systems Inc,55.08,1.84744,$15.59B,,United States of America,Information Technology,Software,-9.01372,-9.01372,1.155916,0.28785,74,72,87,52,15.6,1.64424,10.77273,85.7832,0.1121
CE,Celanese Corp,64.73,0.91082,$7.63B,3.88532,United States of America,Materials,Chemicals,-36.77068,-35.37732,1.314134,0.38215,74,79,12,69,9.4,0.81978,9.86359,95.6082,-4.8219
CERN,Cerner Corp,56.55,2.2679,$18.50B,1.21029,United States of America,Health Care,Health Care Technology,3.31712,4.10149,0.857527,0.26425,85,98,52,85,34.3,2.59853,17.42537,80.7171,-1.4816
FIS,Fidelity National Information Services Inc,102.82,3.69514,$64.72B,1.33042,United States of America,Information Technology,IT Services,-1.28518,-0.21722,0.793095,0.29833,51,32,0,60,155.8,7.23977,12.33512,89.7394,-0.2151
CHD,Church & Dwight Co. Inc.,65.75,1.83751,$16.37B,1.43928,United States of America,Consumer Staples,Household Products,0.48207,1.74171,0.510156,0.27945,47,76,48,42,26.9,3.62751,8.50202,81.5115,0.5268
CHRW,C.H. Robinson Worldwide Inc.,63.91,1.57665,$8.64B,3.18451,United States of America,Industrials,Air Freight & Logistics,-27.46008,-25.55864,0.641978,0.27648,48,88,10,27,15.3,1.94806,-14.94033,92.1325,-2.8117
CI,Cigna Corp,142.09,2.27869,$54.58B,0.0273,United States of America,Health Care,Health Care Providers & Services,-15.19852,-15.18117,1.41603,0.41606,96,93,88,98,10.6,0.83244,8.74487,88.9393,1.7001
CINF,Cincinnati Financial Corp,75.03,0.75728,$13.35B,2.92933,United States of America,Financials,Insurance,-3.13313,-0.85629,1.103825,0.26226,60,60,87,91,6.2,-1.95575,-5.78571,62.3599,-1.1381
CL,Colgate-Palmolive Co,62.08,4.64853,$56.97B,2.64066,United States of America,Consumer Staples,Household Products,1.36882,3.85746,0.804814,0.21003,6,74,71,52,22.6,4.2077,4.77032,76.7802,0.1924
CLX,Clorox Co (The),177.4,1.52,$23.98B,2.21087,United States of America,Consumer Staples,Household Products,22.2541,25.49875,0.452136,0.22985,40,82,54,39,27.8,8.84452,-0.83861,78.9894,1.5214
CMA,Comerica Inc,28.93,1.9858,$4.11B,9.39551,United States of America,Financials,Banks,-64.17079,-62.4472,1.308144,0.42848,93,40,21,98,3.7,,-23.36722,82.2846,-2.2036
CMCSA,Comcast Corp,33.37,24.219,$163.64B,2.55982,United States of America,Communication Services,Media,-9.65309,-7.87969,1.097545,0.22597,73,56,50,55,11.8,1.35405,0.83067,82.4397,-0.0165
CME,CME Group Inc,158.41,1.81438,$55.49B,2.19044,United States of America,Financials,Capital Markets,-6.86221,-5.50254,0.204461,0.33857,30,68,43,57,26.8,4.53609,10.41176,84.7432,0.728
CMI,Cummins Inc.,116.48,1.30706,$17.84B,4.42345,United States of America,Industrials,Machinery,-25.95715,-23.65772,1.129994,0.28447,83,78,7,77,8,4.71728,-20.79812,79.4348,-4.0698
CMS,CMS Energy Corp,49.55,2.16278,$16.04B,2.88547,United States of America,Utilities,Multi-Utilities,3.89921,6.57548,0.605803,0.23005,54,50,80,33,20.7,3.14936,7.26908,92.2607,0.2946
CNC,Centene Corp,48.85,5.6734,$22.25B,,United States of America,Health Care,Health Care Providers & Services,-10.62198,-10.62198,1.268157,0.42808,88,80,38,97,15.6,1.25221,4.819,74.3074,7.1103
CNP,CenterPoint Energy Inc.,12.48,6.6791,$6.14B,9.48487,United States of America,Utilities,Multi-Utilities,-59.59696,-57.87412,0.69612,0.39955,53,16,56,70,9.4,-2.7882,-18.43575,83.0805,3.2207
COF,Capital One Financial Corp.,45.01,2.80281,$21.12B,3.45871,United States of America,Financials,Consumer Finance,-45.19607,-44.271,1.338992,0.48147,92,71,30,80,4.1,0.5252,3.9276,89.2522,-1.0849
COG,Cabot Oil & Gas Corp,14.92,9.86198,$6.73B,2.36546,United States of America,Energy,"Oil, Gas & Consumable Fuels",-34.86133,-33.51567,0.711003,0.38379,67,73,32,58,9.2,0.38935,-59.52381,93.581,-1.7911
TPR,Tapestry Inc,12.04,4.42019,$3.51B,10.62156,United States of America,Consumer Discretionary,"Textiles, Apparel & Luxury Goods",-61.40298,-59.27724,1.563415,0.52881,66,36,73,75,5.9,3.46429,-18.56031,87.0993,-2.5886
COO,Cooper Cos Inc (The),250.65,0.31745,$13.44B,0.02197,United States of America,Health Care,Health Care Equipment & Supplies,-7.27476,-7.25861,0.675489,0.23883,78,98,4,83,27.6,,5.34413,96.6372,0.5811
COP,Conocophillips,26.84,7.98839,$27.76B,6.56506,United States of America,Energy,"Oil, Gas & Consumable Fuels",-62.00445,-61.06325,1.134856,0.48819,67,53,27,61,4.2,-28.40206,-31.33705,72.7997,0.2252
COST,Costco Wholesale Corp,290.42,2.63962,$134.79B,0.85184,United States of America,Consumer Staples,Food & Staples Retailing,28.75765,29.94269,0.995096,0.22839,41,84,92,58,34.1,5.28455,6.38584,68.8998,-1.0177
CPB,Campbell Soup Co,45.3,2.49129,$14.35B,2.94737,United States of America,Consumer Staples,Food Products,30.85399,35.0938,0.631228,0.28263,66,79,6,22,30,11.43889,0.79848,51.0913,0.5384
CPRT,Copart Inc,60.15,2.07693,$16.35B,,United States of America,Industrials,Commercial Services & Supplies,18.88908,18.88908,0.88815,0.26717,35,61,76,56,19.6,,22.57778,77.9327,-0.2774
CRM,salesforce.com Inc,139.35,6.06335,$124.54B,,United States of America,Information Technology,Software,-14.9271,-14.9271,1.01545,0.29317,48,67,9,57,929,33.76592,5.95318,82.1733,2.2843
DXC,DXC Technology Co,11.67,4.67711,$3.16B,6.73617,United States of America,Information Technology,IT Services,-81.21705,-80.84695,1.681914,0.68868,94,89,15,94,--,,-35.09592,90.4809,2.9693
CSX,CSX Corp,49.87,4.72648,$42.55B,1.89057,United States of America,Industrials,Road & Rail,-24.59219,-23.5535,0.994173,0.30248,42,71,20,29,12,1.72917,-1.1271,72.9629,-4.9719
CTAS,Cintas Corp,175.09,0.66322,$19.04B,1.39344,United States of America,Industrials,Commercial Services & Supplies,-11.38873,-10.53589,0.709375,0.35309,43,84,54,44,19.9,1.77537,14.22368,64.783,-1.6606
CTL,CenturyLink Inc,9.1,12.72485,$11.01B,9.90099,United States of America,Communication Services,Diversified Telecommunication Services,-15.19731,-8.02067,0.873852,0.36909,76,88,63,77,--,,8.10606,76.9074,3.5293
CTSH,Cognizant Technology Solutions Corp,44.1,3.53908,$25.48B,1.89288,United States of America,Information Technology,IT Services,-35.44849,-34.61188,1.100276,0.34128,84,73,30,83,13.4,1.77477,1.85464,89.0763,-1.4387
CTXS,Citrix Systems Inc.,119.33,1.87334,$16.30B,1.11723,United States of America,Information Technology,Software,23.75074,25.46464,0.789691,0.28881,69,94,46,52,23.7,3.28898,-4.58699,97.7437,-4.788
CVS,CVS Health Corp,54.7,8.31044,$72.10B,3.61141,United States of America,Health Care,Health Care Providers & Services,-2.99527,0.20585,1.205648,0.29469,96,94,55,97,10.8,1.84835,0.9322,76.4958,0.8607
CVX,Chevron Corp,59.39,8.95043,$108.02B,8.99111,United States of America,Energy,"Oil, Gas & Consumable Fuels",-54.19061,-52.27261,1.068089,0.41939,38,85,3,56,38.6,6.91029,-20.07974,65.4589,0.2295
D,Dominion Energy Inc,67.22,3.56854,$60.21B,5.23312,United States of America,Utilities,Multi-Utilities,-4.44208,-0.02915,0.677789,0.23035,28,57,48,27,41.5,9.38563,3.60849,67.703,3.7313
DE,Deere & Co,111.63,1.85924,$37.53B,2.54053,United States of America,Industrials,Machinery,-25.66317,-24.29594,1.150682,0.37845,53,32,67,17,10.9,1.47857,-5.02012,66.6157,0.128
DGX,Quest Diagnostics Inc,75.24,1.16482,$10.55B,2.82436,United States of America,Health Care,Health Care Providers & Services,-11.29628,-9.42672,0.556556,0.30247,92,96,84,93,12.3,2.69654,1.35671,88.8645,0.1298
DHI,D.R. Horton Inc.,31.38,4.59219,$10.99B,2.33256,United States of America,Consumer Discretionary,Household Durables,-24.17888,-23.21526,0.756355,0.45724,58,40,92,91,6.7,0.49884,21.09557,84.1776,-0.4241
DHR,Danaher Corp,123.81,8.9805,$86.37B,0.57976,United States of America,Health Care,Health Care Equipment & Supplies,-4.36624,-3.90576,0.860935,0.21802,76,89,42,83,38,3.37872,22.60181,76.5738,-1.5317
DIS,Walt Disney Co (The),85.98,14.47857,$169.54B,1.854,United States of America,Communication Services,Entertainment,-13.7,-12.65172,1.163389,0.31378,18,13,3,38,14.5,2.80782,-16.13518,63.6707,0.5567
DISH,DISH Network Corp,19.97,3.17788,$11.44B,,United States of America,Communication Services,Media,-31.5115,-31.5115,1.485495,0.46773,74,52,69,31,7.7,-0.57299,-13.84615,83.9113,2.3091
DLR,Digital Realty Trust Inc,121.2,2.80716,$26.17B,3.57628,United States of America,Real Estate,Equity Real Estate Investment Trusts (REITs),8.33694,12.12611,0.671063,0.28729,45,56,97,16,51.6,,-48.68085,95.2167,6.0279
DLTR,Dollar Tree Inc,75.97,3.31806,$16.77B,,United States of America,Consumer Discretionary,Multiline Retail,-30.04639,-30.04639,0.762779,0.334,50,83,2,48,21.9,2.0885,5.65126,93.5004,0.6268
DOV,Dover Corp,66.13,0.9556,$10.22B,2.76836,United States of America,Industrials,Machinery,-23.41806,-21.90676,1.25595,0.34681,56,80,47,38,14.3,1.78194,5.61551,86.4304,-1.1804
DRE,Duke Realty Corp,26.99,2.47629,$10.39B,3.32979,United States of America,Real Estate,Equity Real Estate Investment Trusts (REITs),-6.11906,-3.6076,1.014969,0.23803,31,72,47,36,22.9,,-54.91525,94.9311,1.2635
DRI,Darden Restaurants Inc.,39,1.88292,$5.15B,8.29797,United States of America,Consumer Discretionary,"Hotels, Restaurants & Leisure",-61.56564,-60.44757,1.151597,0.59788,71,79,2,76,7.6,-32.88372,-26.54639,89.1891,-1.9692
DTE,DTE Energy Co,83,1.43132,$16.42B,4.74183,United States of America,Utilities,Multi-Utilities,-30.07205,-27.6748,0.956924,0.33111,57,43,65,51,13.2,2.25594,5.36508,72.7375,5.2545
DUK,Duke Energy Corp,68.4,4.30971,$55.01B,5.03664,United States of America,Utilities,Electric Utilities,-15.7877,-12.22491,0.576301,0.23632,36,27,73,58,13.5,3.59116,3.51779,64.3553,7.2877
DVA,DaVita Inc,64.99,1.53966,$8.98B,,United States of America,Health Care,Health Care Providers & Services,32.33166,32.33166,1.311589,0.35221,94,99,82,94,14.1,0.81364,12.77778,89.354,-6.3281
DVN,Devon Energy Corp,6.08,7.68483,$2.50B,6.71756,United States of America,Energy,"Oil, Gas & Consumable Fuels",-78.33995,-77.86691,1.954701,0.66463,55,89,34,55,--,,,81.0263,-7.9225
EBAY,eBay Inc.,27.58,11.12437,$23.56B,2.16216,United States of America,Consumer Discretionary,Internet & Direct Marketing Retail,-19.71793,-18.44166,0.904329,0.24745,75,88,13,44,13.1,1.33509,6.81979,90.4083,1.9205
ECL,Ecolab Inc.,141.88,1.32694,$46.02B,1.17809,United States of America,Materials,Chemicals,-8.83748,-7.93476,0.915554,0.2655,35,79,42,37,26.6,2.63904,6.61512,74.7377,0.1144
ED,Consolidated Edison Inc.,72.59,2.11816,$26.67B,3.8207,United States of America,Utilities,Multi-Utilities,-4.43861,-1.18401,0.707279,0.21607,46,42,28,31,17.8,8.13843,1.34703,59.7134,0.0611
EFX,Equifax Inc.,105.65,0.83626,$13.99B,1.3517,United States of America,Industrials,Professional Services,1.74557,2.90908,0.987293,0.30545,8,46,15,14,--,,1.42349,92.8383,-0.3705
EIX,Edison International,46.86,2.34726,$17.65B,5.2297,United States of America,Utilities,Electric Utilities,-22.61546,-19.85988,0.833486,0.34743,14,3,63,36,12.4,3.99934,-3.95745,89.7653,2.9297
EL,Estee Lauder Cos Inc (The),151,1.94857,$56.25B,1.22676,United States of America,Consumer Staples,Personal Products,-2.60734,-1.65566,1.137967,0.30775,44,54,38,46,29.8,2.97197,2.19101,87.8822,-1.5192
EMN,Eastman Chemical Co,40.81,1.27709,$5.61B,6.4,United States of America,Materials,Chemicals,-47.46561,-45.30777,1.646817,0.40521,81,73,9,65,7.4,1.00827,1.40252,82.4775,3.4936
EMR,Emerson Electric Co.,44.09,3.74103,$28.15B,4.34594,United States of America,Industrials,Electrical Equipment,-32.73897,-30.73435,1.189928,0.34799,63,80,32,62,12.6,2.02037,-3.31536,72.1326,2.816
EOG,EOG Resources Inc.,34.89,4.94378,$19.33B,4.51535,United States of America,Energy,"Oil, Gas & Consumable Fuels",-64.23342,-63.77364,1.305278,0.53476,66,81,20,68,7.4,1.27157,-58.65462,86.9639,1.6207
EQIX,Equinix Inc,506.52,0.47583,$46.92B,1.93455,United States of America,Real Estate,Equity Real Estate Investment Trusts (REITs),23.99955,26.25692,0.618394,0.25209,46,73,47,48,84.6,,31.55259,99.2563,0.3443
EQR,Equity Residential,55.29,1.81991,$22.53B,3.97624,United States of America,Real Estate,Equity Real Estate Investment Trusts (REITs),-17.53741,-15.11647,0.743627,0.25881,43,71,89,73,21.3,,-44.73077,87.1718,-2.0246
EA,Electronic Arts Inc,86.94,2.92256,$26.17B,,United States of America,Communication Services,Entertainment,-7.64024,-7.64024,0.464704,0.26161,54,47,88,59,9.1,1.03498,10.04706,89.6845,-1.7873
ESS,Essex Property Trust Inc.,196.33,0.48478,$13.82B,3.97475,United States of America,Real Estate,Equity Real Estate Investment Trusts (REITs),-26.82952,-24.91861,0.763692,0.31757,39,84,57,81,29.5,,-15.43284,94.5241,-2.5839
ETFC,E*TRADE Financial Corporation,28.98,4.97294,$6.74B,1.84941,United States of America,Financials,Capital Markets,-38.43026,-37.68055,1.295689,0.45747,84,81,22,84,7.5,-2.69003,-11.87013,84.5905,0.2363
ETN,Eaton Corp Plc,64.93,2.95333,$29.94B,4.03037,Ireland,Industrials,Electrical Equipment,-11.88275,-8.84798,1.251488,0.31988,59,71,11,57,12.4,2.0728,0.37037,77.8109,0.5875
ETR,Entergy Corp.,79.99,1.59945,$16.74B,4.42594,United States of America,Utilities,Electric Utilities,-9.79824,-6.78974,0.579609,0.29148,51,42,89,61,12.7,-8.92251,3.83333,86.3525,0.4372
EW,Edwards Lifesciences Corp,166.45,1.48063,$37.72B,,United States of America,Health Care,Health Care Equipment & Supplies,-4.74757,-4.74757,1.063508,0.28164,76,87,82,69,33.8,3.10187,11.84919,81.1302,0.6471
EXC,Exelon Corp,31,6.85939,$31.52B,4.72077,United States of America,Utilities,Electric Utilities,-33.96496,-31.89544,0.900003,0.29503,63,58,48,84,10.3,-4.67946,-2.54658,,0.0477
EXPD,Expeditors International of Washington Inc.,54.94,1.55817,$9.84B,1.72384,United States of America,Industrials,Air Freight & Logistics,-23.87139,-22.82386,0.76608,0.21267,42,64,63,21,16.2,3.06833,-1.23894,91.514,0.2118
EXR,Extra Space Storage Inc,79.72,1.02263,$11.23B,4.15225,United States of America,Real Estate,Equity Real Estate Investment Trusts (REITs),-12.36228,-9.33556,0.474536,0.23926,56,91,48,54,24.6,,,98.9995,2.0865
F,Ford Motor Co,4.33,59.41014,$17.72B,13.42282,United States of America,Consumer Discretionary,Automobiles,-48.62069,-45.28696,0.840329,0.3464,85,56,55,53,433,-4138.88889,-35.21008,54.3611,-0.1064
FAST,Fastenal Co,28.74,4.57368,$18.54B,3.09598,United States of America,Industrials,Trading Companies & Distributors,3.14546,5.84103,1.196297,0.28414,37,66,63,58,20.8,,3.26087,82.1516,-2.1738
FCX,Freeport-McMoRan Inc,5.52,26.12799,$8.33B,3.48432,United States of America,Materials,Metals & Mining,-54.73186,-53.9341,1.716519,0.54938,22,19,31,31,--,,1405,72.8778,3.3648
M,Macy's Inc,6.02,17.55709,$2.07B,22.571,United States of America,Consumer Discretionary,Multiline Retail,-72.06681,-69.09342,1.633514,0.54655,90,50,6,88,3.3,-0.24351,-33.02405,91.8032,1.3482
FDX,FedEx Corp.,111.06,3.09706,$29.18B,2.32808,United States of America,Industrials,Air Freight & Logistics,-38.43779,-37.38227,1.346397,0.39259,25,57,5,67,--,,-36.04381,72.4159,3.2225
FE,FirstEnergy Corp.,34.28,4.2315,$19.46B,4.33454,United States of America,Utilities,Electric Utilities,-10.93789,-7.94112,0.810709,0.23817,55,77,7,29,20.5,-3.24585,-2.71318,83.9205,-5.3473
FFIV,F5 Networks Inc,100.14,0.76536,$5.98B,,United States of America,Information Technology,Communications Equipment,-36.25697,-36.25697,1.144322,0.32684,91,66,7,67,15.3,3.33382,-8.4556,91.8228,1.4442
FISV,Fiserv Inc.,81.77,3.77338,$57.42B,,United States of America,Information Technology,IT Services,-0.16548,-0.16548,0.728108,0.29112,67,24,13,75,47.8,2.35422,23.675,91.3548,-1.1664
FITB,Fifth Third Bancorp,12.91,5.61374,$9.27B,8.2632,United States of America,Financials,Banks,-53.01941,-51.40185,1.445854,0.47956,89,25,77,74,3.9,,2.44604,78.1145,-0.7601
FLIR,FLIR Systems Inc,25.52,0.93885,$4.22B,2.16561,United States of America,Information Technology,"Electronic Equipment, Instruments & Components",-35.16415,-34.23572,1.78723,0.38774,66,45,3,61,20.3,,-2.73543,93.3473,-0.8487
FLS,Flowserve Corp.,20.43,0.9214,$2.69B,3.88538,United States of America,Industrials,Machinery,-54.40655,-53.68039,1.395061,0.46724,50,30,65,48,10.6,0.95424,7.18182,95.8062,-1.2528
FMC,FMC Corp.,65.32,0.94276,$8.72B,2.60702,United States of America,Materials,Chemicals,-11.48551,-9.78869,1.182556,0.43196,31,28,23,38,15.9,1.63556,8.89984,89.6486,1.293
NEE,NextEra Energy Inc,191.75,2.52306,$101.27B,2.70401,United States of America,Utilities,Electric Utilities,9.86737,12.34685,0.431645,0.26387,45,48,57,20,24.7,3.50939,8.45878,77.3484,0.5116
FRT,Federal Realty Investment Trust,71.56,0.50356,$5.71B,5.5607,United States of America,Real Estate,Equity Real Estate Investment Trusts (REITs),-42.46648,-40.49821,0.65943,0.37071,58,74,92,93,15.5,,-28.95879,85.1238,-1.024
FTI,TechnipFMC plc,6.3,4.8829,$2.71B,8.58086,United Kingdom,Energy,Energy Equipment & Services,-73.99142,-73.53261,1.512222,0.6318,38,38,68,57,--,,73.64865,79.5105,0.7097
GD,General Dynamics Corp,113.99,1.66423,$34.18B,3.72787,United States of America,Industrials,Aerospace & Defense,-30.8634,-29.26257,1.263159,0.30285,47,37,78,56,9.5,1.35426,5.71786,85.4411,-0.4717
GE,General Electric Co,6.52,67.2091,$56.63B,0.61728,United States of America,Industrials,Industrial Conglomerates,-36.40824,-36.15737,1.166007,0.44808,51,51,79,9,--,,-14.76923,61.6857,2.4401
GILD,Gilead Sciences Inc,73.26,14.32898,$99.44B,3.46276,United States of America,Health Care,Biotechnology,19.94198,24.49715,0.584454,0.30434,95,94,86,83,17.4,72.59907,-3.71041,79.3588,0.4302
GIS,General Mills Inc.,53.37,4.33209,$32.52B,3.65127,United States of America,Consumer Staples,Food Products,13.63251,17.88546,0.666342,0.22501,70,66,70,47,15.3,2.7119,7.08075,71.1577,2.6046
GLW,Corning Inc,18.86,6.02544,$16.21B,4.13728,United States of America,Information Technology,"Electronic Equipment, Instruments & Components",-38.54377,-36.69862,1.386681,0.32125,59,52,11,79,17.6,1.95,-12.21591,73.8362,1.2824
GOOGL,Alphabet Inc,1068.21,1.90497,$765.20B,,United States of America,Communication Services,Interactive Media & Services,-7.55036,-7.55036,0.934778,0.2555,41,56,90,65,21.7,4.70919,8.38893,77.9581,1.7718
GPC,Genuine Parts Co,55.35,0.8427,$9.35B,4.9137,United States of America,Consumer Discretionary,Distributors,-40.01492,-38.06612,0.985224,0.28368,44,51,2,58,13.1,10.11163,1.1775,77.6952,2.0422
GPN,Global Payments Inc.,119,1.95137,$39.19B,0.59761,United States of America,Information Technology,IT Services,-2.85076,-2.62032,0.938809,0.30746,54,43,2,30,55.1,2.84126,21.01286,87.0587,-0.6616
GPS,Gap Inc,7.22,7.02029,$2.99B,12.01983,United States of America,Consumer Discretionary,Specialty Retail,-68.59922,-66.99206,1.383542,0.49526,74,45,22,88,7.8,-1.29453,-24.01015,59.3775,-2.1008
GRMN,Garmin Ltd,66.03,0.94381,$13.37B,3.48025,Switzerland,Consumer Discretionary,Household Durables,-16.21654,-13.8975,0.713723,0.23391,30,37,90,16,13.2,2.18679,4.44944,45.411,-0.4636
GS,Goldman Sachs Group Inc (The),138.41,3.25698,$54.09B,3.34471,United States of America,Financials,Capital Markets,-25.67124,-23.99174,1.200834,0.32534,85,54,13,52,6.6,0.84025,12.31098,67.8164,-2.3299
GWW,Grainger (W.W.) Inc,213.78,0.37099,$12.62B,2.45127,United States of America,Industrials,Trading Companies & Distributors,-21.55305,-20.00428,0.951087,0.28385,61,82,1,56,14,1.48582,5.8878,71.5887,-0.7889
HAL,Halliburton Co,5.05,15.92141,$4.21B,15,United States of America,Energy,Energy Equipment & Services,-83.59535,-82.97726,1.831975,0.70769,52,51,35,59,--,,-25.72581,79.5745,2.5064
MNST,Monster Beverage Corp,52.1,3.45779,$29.15B,,United States of America,Consumer Staples,Beverages,-6.21547,-6.21547,1.018003,0.27128,45,55,78,61,25.7,2.4133,,64.4784,-2.1238
HAS,Hasbro Inc.,46.11,1.44055,$6.47B,5.75174,United States of America,Consumer Discretionary,Leisure Products,-45.59991,-44.19825,1.359709,0.50164,57,42,88,36,11.4,0.85054,6.91176,94.0744,11.124
HBAN,Huntington Bancshares Inc,7.62,10.89129,$7.83B,7.8125,United States of America,Financials,Banks,-43.44624,-40.67397,1.210761,0.35437,70,19,27,63,6,1.23413,-0.7874,74.9398,-0.9633
WELL,Welltower Inc,42.42,2.91613,$16.79B,8.5044,United States of America,Real Estate,Equity Real Estate Investment Trusts (REITs),-45.63571,-43.34686,0.760447,0.51715,40,47,60,31,13.9,,-47.57377,89.6886,1.8027
PEAK,Healthpeak Properties Inc,20.96,4.03139,$10.14B,7.37052,United States of America,Real Estate,Equity Real Estate Investment Trusts (REITs),-33.75124,-30.84456,0.773789,0.39392,34,46,3,95,232.9,,218.88889,99.2147,7.123
HD,Home Depot Inc. (The),152.15,5.7853,$175.63B,3.7237,United States of America,Consumer Discretionary,Specialty Retail,-12.49117,-10.19046,0.974478,0.34826,11,88,32,43,14.8,2.22191,1.22927,68.7503,-0.4664
HOG,Harley-Davidson Inc.,16.22,1.84369,$2.85B,8.13269,United States of America,Consumer Discretionary,Automobiles,-48.56907,-46.26423,1.297312,0.39353,75,60,59,45,6.1,1.07692,5.93284,94.8081,1.3887
HIG,Hartford Financial Services Group Inc. (The),31.27,2.38733,$12.05B,3.87828,United States of America,Financials,Insurance,-31.88376,-30.38528,0.870919,0.45338,88,81,72,72,5.5,1.83904,-5.02655,90.2106,0.0163
HST,Host Hotels & Resorts Inc,10.64,9.63813,$7.38B,7.72947,United States of America,Real Estate,Equity Real Estate Investment Trusts (REITs),-45.63907,-43.19722,1.198044,0.33483,74,86,13,24,8.4,,-44.88,99.1848,1.7858
HOLX,Hologic Inc,31.05,2.5075,$8.43B,,United States of America,Health Care,Health Care Equipment & Supplies,-32.63757,-32.63757,0.762456,0.36825,82,99,47,86,100.2,13.92764,9.58848,94.046,-1.2381
HON,Honeywell International Inc,112.5,3.19926,$84.59B,3.02623,United States of America,Industrials,Industrial Conglomerates,-24.34495,-22.78751,0.920256,0.28363,56,67,44,58,13.4,1.93529,6.20098,76.1408,0.7731
HP,Helmerich & Payne Inc.,13.16,2.31045,$1.39B,22.1875,United States of America,Energy,Energy Equipment & Services,-76.97842,-75.51675,1.557997,0.60118,53,81,62,71,--,,-80.8,89.1848,-0.8164
HPQ,HP Inc,13.95,12.54921,$20.64B,4.89444,United States of America,Information Technology,"Technology Hardware, Storage & Peripherals",-28,-25.4921,1.098052,0.40964,46,98,48,94,6.9,0.64478,7.00893,78.3906,-6.5482
HRB,Block H&R Inc,13.08,3.76036,$2.84B,7.05085,United States of America,Consumer Discretionary,Diversified Consumer Services,-39.09992,-36.27195,0.5666,0.30694,75,51,14,51,6.5,0.73383,11.48837,99.8824,-3.8728
HRL,Hormel Foods Corp,45.12,2.70038,$25.38B,1.9695,United States of America,Consumer Staples,Food Products,11.05362,13.34924,0.49708,0.23992,24,60,51,53,24.9,6.5221,0.17241,45.2648,3.5974
LHX,L3Harris Technologies Inc,154.04,1.45592,$34.95B,2.12314,United States of America,Industrials,Aerospace & Defense,-1.73049,-0.20298,0.754861,0.2721,39,26,23,30,19.5,1.41686,15.34722,82.3461,-0.0009
HSIC,Henry Schein Inc,45.01,1.35092,$7.14B,,United States of America,Health Care,Health Care Providers & Services,-17.66942,-17.66942,0.891262,0.27328,91,90,63,98,9.6,1.67827,4.72934,95.5761,-1.5406
HSY,Hershey Co (The),117.73,0.98381,$25.43B,2.5388,United States of America,Consumer Staples,Food Products,11.39669,13.68237,0.49256,0.30281,64,88,18,41,21.6,2.84745,6.78201,74.916,-0.628
HUM,Humana Inc.,230.61,1.22926,$33.84B,0.97584,United States of America,Health Care,Health Care Providers & Services,-10.62932,-9.93395,1.113823,0.44284,96,92,76,98,11.5,0.95993,4.14102,93.417,-1.401
IBM,International Business Machines Corp,95.39,5.29927,$89.01B,6.45804,United States of America,Information Technology,IT Services,-28.57855,-25.28103,1.072187,0.27608,92,48,62,83,9,1.30774,3.91101,56.2146,0.8542
IDXX,IDEXX Laboratories Inc,183.29,0.58836,$16.51B,,United States of America,Health Care,Health Care Equipment & Supplies,-11.5071,-11.5071,0.919083,0.32083,80,86,61,73,37.5,2.07496,12.35174,86.3516,-0.4898
IEX,IDEX Corp,116.48,0.47465,$9.39B,1.62127,United States of America,Industrials,Machinery,-17.31349,-16.29609,1.219842,0.27326,37,53,42,39,20.9,1.70977,-1.65517,96.5185,-0.88
IFF,International Flavors & Fragrances Inc,102.41,1.34895,$11.47B,2.79278,United States of America,Materials,Chemicals,-13.06248,-11.07075,1.063384,0.35196,22,12,89,29,25.6,,2.12318,93.8725,-0.1474
ILMN,Illumina Inc,242,1.17205,$33.05B,,United States of America,Health Care,Life Sciences Tools & Services,-27.64725,-27.64725,1.00645,0.38288,87,73,66,62,35.9,1.73638,4.42922,91.0372,-0.8453
INCY,Incyte Corp,66.96,1.67809,$14.38B,,United States of America,Health Care,Biotechnology,-22.36489,-22.36489,0.66863,0.36001,94,94,68,79,32.7,1.01565,12.36749,89.7022,-0.7394
INTC,Intel Corp,45.83,24.82083,$197.08B,2.87331,United States of America,Information Technology,Semiconductors & Semiconductor Equipment,-15.19291,-13.2111,1.267857,0.358,95,89,83,80,9.7,1.07464,0.51335,65.526,-1.2244
INTU,Intuit Inc.,201.84,1.53135,$56.24B,0.98198,United States of America,Information Technology,Software,-15.68773,-15.05286,0.96294,0.26725,64,84,48,61,32.7,3.1435,12.05926,86.4856,0.0151
IP,International Paper Co,29.51,3.00432,$11.81B,6.80385,United States of America,Materials,Containers & Packaging,-34.74117,-31.6065,1.437358,0.32446,88,91,12,75,9.6,3.00316,-35.62077,82.5386,2.2435
IPG,Interpublic Group of Cos Inc (The),12.52,3.8071,$5.46B,7.23404,United States of America,Communication Services,Media,-36.71454,-33.83224,1.08855,0.31269,89,58,61,80,7.5,1.87625,3.67876,94.1412,4.4196
TT,Trane Technologies plc,75.68,1.72171,$19.48B,2.59391,Ireland,Industrials,Building Products,-1.10576,-4.33343,,0.33706,57,44,77,46,13.5,,-20.80063,,
IRM,Iron Mountain Inc,22.71,3.02071,$7.22B,9.84089,United States of America,Real Estate,Equity Real Estate Investment Trusts (REITs),-27.13043,-21.19649,0.618026,0.26337,79,76,8,12,24.4,3.41704,16.47059,83.1196,0.0018
ISRG,Intuitive Surgical Inc,394.19,0.76619,$47.35B,,United States of America,Health Care,Health Care Equipment & Supplies,-27.45948,-27.45948,1.177365,0.33055,72,77,75,26,34.2,3.26334,5.28213,85.1164,-0.1042
IT,Gartner Inc,83.24,0.73458,$8.29B,,United States of America,Information Technology,IT Services,-36.81599,-36.81599,1.345401,0.36326,74,85,10,58,32.5,3.70947,-1.5641,94.4071,-2.6483
ITW,Illinois Tool Works Inc.,125.78,1.40303,$43.60B,3.13944,United States of America,Industrials,Machinery,-6.61689,-4.12033,1.122515,0.25183,55,82,49,42,16.3,3.8704,0.56848,79.2896,1.1437
JBHT,J.B. Hunt Transport Services Inc.,80.63,0.84371,$8.93B,1.28434,United States of America,Industrials,Road & Rail,-16.32836,-15.49291,0.966824,0.28947,36,92,29,61,16.9,1.34132,5.0096,74.4506,-1.1
J,Jacobs Engineering Group Inc.,65.65,1.15483,$9.93B,1.01754,United States of America,Industrials,Construction & Engineering,1.27458,2.10116,0.991316,0.26884,19,36,88,35,22.2,2.01253,9.78218,88.7024,-0.0114
JKHY,Henry (Jack) & Associates Inc,134.33,0.52327,$11.40B,1.1577,United States of America,Information Technology,IT Services,8.46109,9.66161,0.969007,0.24266,61,91,50,61,36.7,3.38274,5.65341,90.2659,-0.8287
JNJ,Johnson & Johnson,119.89,8.24182,$334.46B,2.99095,United States of America,Health Care,Pharmaceuticals,-8.22739,-5.68218,0.746922,0.19504,92,98,48,93,21.3,4.00899,3.60599,68.3148,1.8172
JNPR,Juniper Networks Inc,17.64,4.19289,$6.10B,4.40286,United States of America,Information Technology,Communications Equipment,-30.64885,-28.37137,1.091752,0.26497,65,30,30,63,17.8,-5.59077,-0.34884,92.1809,0.5546
JPM,JPMorgan Chase & Co,83.5,14.74655,$263.07B,4.2204,United States of America,Financials,Banks,-20.13109,-17.79375,1.209517,0.30573,54,59,99,86,7.8,1.11804,-1.03545,71.6076,-0.4283
JWN,Nordstrom Inc.,17.86,3.72586,$3.31B,6.96471,United States of America,Consumer Discretionary,Multiline Retail,-52.31149,-50.04435,1.235925,0.48879,75,85,64,83,5.6,6.77118,-12.81899,62.4512,-5.8243
K,Kellogg Co,55.81,2.01695,$20.98B,3.71154,United States of America,Consumer Staples,Food Products,12.90204,17.24416,0.484352,0.24129,44,61,46,40,19.9,9.16811,-3.40102,86.8799,-0.0968
KEY,KeyCorp,9.19,10.27324,$9.14B,7.91444,United States of America,Financials,Banks,-46.44903,-44.1243,1.494492,0.48074,71,11,32,73,5.7,1.03983,11.21212,79.5334,-0.6315
MDLZ,Mondelez International Inc,43.32,7.57314,$65.25B,2.50715,United States of America,Consumer Staples,Food Products,-5.74212,-3.81256,0.713105,0.22169,42,47,20,46,16.3,2.36759,7.57085,75.8763,-0.6972
KIM,Kimco Realty Corp,10.63,4.34252,$4.43B,10.92683,United States of America,Real Estate,Equity Real Estate Investment Trusts (REITs),-41.79443,-38.39443,0.832288,0.40378,51,63,55,15,13.3,,-5.875,91.817,2.5138
KLAC,KLA Corp,114.02,1.52818,$19.98B,2.6696,United States of America,Information Technology,Semiconductors & Semiconductor Equipment,5.99201,8.36078,0.926248,0.32006,83,40,25,50,16,1.26642,20.59102,87.0509,-1.634
KMB,Kimberly-Clark Corp,118.28,1.79099,$43.16B,3.38581,United States of America,Consumer Staples,Household Products,5.39436,8.57134,0.556752,0.21277,7,88,45,56,19,3.5091,5.67489,72.593,1.3311
KMX,CarMax Inc,44.27,1.44436,$7.88B,,United States of America,Consumer Discretionary,Specialty Retail,-19.24497,-19.24497,1.069344,0.45849,17,13,22,26,8.6,0.81463,7.80793,99.668,-0.8217
KO,Coca-Cola Co (The),38.3,14.58766,$179.03B,3.92063,United States of America,Consumer Staples,Beverages,-8.18701,-5.29706,0.762203,0.22382,50,55,88,44,18.5,2.76402,4.07583,67.9656,1.3541
KR,Kroger Co. (The),31.77,7.98505,$26.93B,1.87244,United States of America,Consumer Staples,Food & Staples Retailing,40.485,43.87915,0.517297,0.30621,63,79,33,76,15.6,2.45421,7.94521,78.9105,0.2147
KSS,Kohl's Corp,15.85,4.44252,$2.70B,16.39115,United States of America,Consumer Discretionary,Multiline Retail,-75.14108,-73.19798,1.249564,0.61482,94,84,14,88,3.6,-0.52375,-21.31687,95.0219,-1.0637
KSU,Kansas City Southern,108.52,1.184,$11.19B,1.37433,United States of America,Industrials,Road & Rail,1.11169,2.23109,1.10187,0.30507,28,78,6,37,20.1,1.54693,14.91304,90.1728,-0.6046
LEG,Leggett & Platt Inc,23.84,1.24493,$3.45B,6.11855,United States of America,Consumer Discretionary,Household Durables,-38.75878,-36.30334,1.060969,0.41764,79,44,90,47,9.7,,-2.87938,72.4158,-6.2929
LEN,Lennar Corp,34.08,3.59956,$9.99B,1.58178,United States of America,Consumer Discretionary,Household Durables,-32.15282,-31.86971,0.919627,0.50196,71,34,27,42,5.4,0.64429,3.41463,94.6911,-3.0446
LH,Laboratory Corp of America Holdings,107.24,0.79839,$11.13B,,United States of America,Health Care,Health Care Providers & Services,-26.57733,-26.57733,0.730184,0.38805,92,97,54,95,12.8,2.0158,5.71555,90.9556,1.586
LKQ,LKQ Corp,16.3,2.39531,$5.33B,,United States of America,Consumer Discretionary,Distributors,-39.31564,-39.31564,1.174335,0.50544,77,53,71,59,9.4,,7.38397,92.1307,3.0542
LLY,Eli Lilly and Co,122.4,4.01253,$120.78B,2.22406,United States of America,Health Care,Pharmaceuticals,5.13469,7.46983,0.70463,0.26453,89,77,64,86,24.7,2.29342,12.43377,76.9906,0.3282
LMT,Lockheed Martin Corp,291.22,1.3776,$87.98B,3.05538,United States of America,Industrials,Aerospace & Defense,5.93392,8.55152,0.871181,0.24451,63,77,41,43,13.3,1.63034,10.51936,79.3227,3.4567
LNC,Lincoln National Corp,17.06,1.94709,$3.78B,8.32466,United States of America,Financials,Insurance,-69.30693,-68.52963,1.996425,0.55872,28,16,43,66,3.9,0.44913,45.06706,80.2206,0.3651
LNT,Alliant Energy Corp,40.7,1.74948,$11.03B,3.37553,United States of America,Utilities,Electric Utilities,-3.07792,-0.35268,0.639777,0.23133,13,20,62,31,17.5,3.42056,4.37768,,1.6407
LOW,Lowe's Cos Inc,66.36,4.8435,$53.31B,3.1487,United States of America,Consumer Discretionary,Specialty Retail,-32.46013,-31.16753,1.215802,0.44544,60,83,47,18,12.1,0.80844,11.97552,74.1328,-0.1547
LRCX,Lam Research Corp,187.89,1.81351,$27.78B,2.35885,United States of America,Information Technology,Semiconductors & Semiconductor Equipment,8.73153,10.37534,1.310236,0.43982,90,72,9,63,13.9,0.85323,9.3677,85.4916,-0.4776
LB,L Brands Inc,9.78,9.50481,$2.96B,11.17318,United States of America,Consumer Discretionary,Specialty Retail,-61.88786,-59.56349,0.998961,0.62759,34,82,6,60,--,,-11.26638,68.7463,-3.4947
L,Loews Corp,31.26,1.14887,$10.86B,0.67006,United States of America,Financials,Insurance,-22.33555,-21.95083,1.073961,0.26836,49,36,73,40,10.2,,,61.429,-3.5458
LUV,Southwest Airlines Co.,31.94,5.13579,$16.02B,2.33312,United States of America,Industrials,Airlines,-39.18013,-38.29573,1.392082,0.31884,78,92,34,89,7.5,0.57448,-23.86517,85.4976,1.5566
LVS,Las Vegas Sands Corp,43.31,4.9382,$30.81B,7.82953,United States of America,Consumer Discretionary,"Hotels, Restaurants & Leisure",-31.93929,-27.96917,1.272072,0.39026,62,64,77,36,12.4,2.47031,-8.65031,36.8039,1.6639
MAA,Mid-America Apartment Communities Inc,87.5,0.67501,$11.36B,4.02131,United States of America,Real Estate,Equity Real Estate Investment Trusts (REITs),-6.31946,-3.35945,0.718827,0.31745,36,65,93,87,28.5,,-18.92508,92.1742,-0.4468
MAR,Marriott International Inc,74.58,2.96078,$21.64B,2.87425,United States of America,Consumer Discretionary,"Hotels, Restaurants & Leisure",-46.87873,-46.0792,1.228389,0.44276,46,74,10,27,19.6,-5.26129,-12.58333,61.1053,0.1032
MAS,Masco Corp,29.47,2.96061,$8.98B,1.65746,United States of America,Industrials,Building Products,-16.37577,-15.35475,0.992109,0.30212,15,81,28,28,13.4,1.37121,10.48889,93.7022,0.1588
MCD,McDonald's Corp,148.49,4.09873,$111.57B,3.34448,United States of America,Consumer Discretionary,"Hotels, Restaurants & Leisure",-18.35509,-16.40547,0.554922,0.29503,5,66,68,31,18.8,2.51753,7.64031,65.6583,-2.2284
MCHP,Microchip Technology Inc,59.64,3.1108,$14.51B,2.42404,United States of America,Information Technology,Semiconductors & Semiconductor Equipment,-29.66318,-28.54868,1.531778,0.42673,89,74,52,44,23.5,8.25406,-16.74809,92.0266,0.1869
MCK,McKesson Corp,124.97,3.72371,$22.54B,1.28728,United States of America,Health Care,Health Care Providers & Services,3.98302,5.20489,1.264703,0.3785,88,99,3,98,--,,8.95357,87.0804,-1.6284
MCO,Moody's Corp.,175.8,0.95523,$33.39B,1.25906,United States of America,Financials,Capital Markets,-0.40307,0.52326,0.925428,0.29151,79,99,90,69,23.7,2.10325,9.2883,90.45,-0.1216
MDT,Medtronic PLC,77.46,5.37433,$106.22B,2.72658,Ireland,Health Care,Health Care Equipment & Supplies,-14.50464,-12.72476,0.785927,0.27084,85,92,66,84,19.7,2.93014,7.77778,81.5285,1.2724
MET,Metlife Inc.,24.38,6.39158,$24.53B,6.56716,United States of America,Financials,Insurance,-40.49734,-38.28748,1.345962,0.3375,86,61,5,78,4,1.03017,-1.3257,74.2278,0.332
MHK,Mohawk Industries Inc.,58.66,0.76083,$4.75B,,United States of America,Consumer Discretionary,Household Durables,-48.10008,-48.10008,0.942901,0.52812,79,76,73,82,5.7,1.59676,1.08566,78.4598,-0.7506
SPGI,S&P Global Inc,208.79,1.50813,$50.70B,1.28983,United States of America,Financials,Capital Markets,-0.03849,0.89736,0.723681,0.30395,80,99,63,70,24.3,2.51964,7.88038,82.1662,-0.7826
MKC,McCormick & Co Inc,124.54,0.85967,$16.70B,1.97405,United States of America,Consumer Staples,Food Products,-10.45617,-9.16906,0.610331,0.23878,40,71,14,31,23.8,,-1.96262,83.1393,-2.34
MKTX,MarketAxess Holdings Inc,310.63,0.3049,$11.99B,0.75918,United States of America,Financials,Capital Markets,34.16943,35.03431,0.508429,0.40078,64,98,82,17,57.5,4.15137,13.38889,95.3813,-0.3123
MLM,Martin Marietta Materials Inc.,153.62,0.61869,$10.50B,1.30766,United States of America,Materials,Construction Materials,-14.93149,-14.17751,0.579712,0.37405,38,49,53,37,15.8,1.43943,17.13552,94.8511,-4.2073
MMC,Marsh & McLennan Companies Inc,79.87,1.9777,$39.80B,2.30292,United States of America,Financials,Insurance,-14.7373,-13.21995,0.856843,0.26041,60,87,89,30,23.4,2.33258,8.49785,87.7873,0.952
MMM,3M Co,124.89,3.6913,$79.09B,4.27605,United States of America,Industrials,Industrial Conglomerates,-34.21204,-31.87174,0.820649,0.25508,55,62,9,56,16,3.98437,3.01762,67.4181,1.371
MO,Altria Group Inc,34.28,10.04219,$68.93B,9.0566,United States of America,Consumer Staples,Tobacco,-33.76183,-29.36824,0.748672,0.25221,56,88,13,47,--,,4.43128,62.8586,0.7016
MOS,Mosaic Company (The),9.59,5.50192,$3.11B,2.43309,United States of America,Materials,Chemicals,-71.20841,-70.90075,1.166039,0.61329,32,34,13,72,--,,133.15789,74.4889,-0.3905
MSI,Motorola Solutions Inc,136.61,1.23337,$25.53B,1.70986,United States of America,Information Technology,Communications Equipment,6.59262,8.19056,0.735094,0.25731,13,90,1,53,27.6,2.92913,9.61055,85.9925,-1.5017
MRK,Merck & Co Inc.,71.36,10.97074,$179.58B,3.44974,United States of America,Health Care,Pharmaceuticals,-13.64913,-11.1847,0.465589,0.23487,92,97,62,92,18.7,2.26947,10.15414,74.59,0.4356
MRO,Marathon Oil Corp,3.56,18.8682,$3.05B,5.22193,United States of America,Energy,"Oil, Gas & Consumable Fuels",-77.6285,-77.26497,1.484723,0.54293,64,54,29,70,6,1.73339,,83.3586,2.4244
MSFT,Microsoft Corp,137.35,35.55878,$1.09T,1.42947,United States of America,Information Technology,Software,21.30047,22.89999,1.004883,0.22604,69,51,86,51,23.9,1.67311,19.15789,71.36,-0.1609
MTB,M&T Bank Corp,98.76,0.77665,$13.69B,4.19687,United States of America,Financials,Banks,-38.81529,-37.13687,1.183478,0.29013,69,18,8,48,7.2,4.48188,-4.08,81.7961,-0.9597
MTD,Mettler-Toledo International Inc,645.12,0.18572,$17.40B,,United States of America,Health Care,Life Sciences Tools & Services,0.79498,0.79498,1.073327,0.25215,87,89,53,74,28.7,3.1102,9.32367,95.6366,-1.3893
MU,Micron Technology Inc.,36.11,24.77298,$40.21B,,United States of America,Information Technology,Semiconductors & Semiconductor Equipment,-10.10651,-10.10651,1.270555,0.47577,90,81,5,90,11.7,-1.37005,-63.59055,78.0617,0.9475
MS,Morgan Stanley,29.67,13.39445,$49.29B,4.52781,United States of America,Financials,Capital Markets,-29.64733,-27.65697,1.569296,0.3679,93,82,99,60,5.7,0.74517,1.44509,82.8619,-1.0592
MXIM,Maxim Integrated Products Inc.,44.12,2.1212,$12.34B,4.1958,United States of America,Information Technology,Semiconductors & Semiconductor Equipment,-15.64977,-12.6805,1.226827,0.30739,67,58,59,46,15.5,1.69875,-5.10288,90.1242,-1.5303
MYL,Mylan NV,15.25,6.83387,$7.68B,,United States of America,Health Care,Pharmaceuticals,-48.04333,-48.04333,1.699428,0.43729,96,97,17,98,508.3,101.84234,2.10407,84.7843,-1.7699
NBL,Noble Energy Inc,4.03,7.46529,$1.91B,12.18274,United States of America,Energy,"Oil, Gas & Consumable Fuels",-83.58333,-83.20942,1.074708,0.81734,20,43,9,27,--,,4,,-0.3748
NEM,Newmont Corporation,40.56,8.0866,$33.73B,1.34164,United States of America,Materials,Metals & Mining,28.54824,30.29487,0.412731,0.40355,39,18,77,39,10.4,0.54952,52.95455,81.7807,-0.6434
NFLX,Netflix Inc,332.83,6.90385,$145.70B,,United States of America,Communication Services,Entertainment,-7.45582,-7.45582,0.933664,0.33902,2,10,67,8,80.6,1.84408,44.52785,80.8367,0.3049
NI,NiSource Inc,21,3.99001,$8.93B,3.59589,United States of America,Utilities,Multi-Utilities,-15.97122,-13.57189,0.587667,0.24131,53,76,23,67,24.1,6.2255,2.34848,92.4835,1.331
NKE,Nike Inc,67.45,7.56603,$109.66B,1.39323,United States of America,Consumer Discretionary,"Textiles, Apparel & Luxury Goods",-19.78561,-18.92211,1.172557,0.30492,44,70,36,46,23.6,1.47457,11.92771,81.1541,-0.7247
NOC,Northrop Grumman Corp,284.02,1.06397,$49.84B,1.77832,United States of America,Industrials,Aerospace & Defense,9.55684,11.2336,0.697202,0.23106,55,72,7,36,21.5,2.1426,10.04715,82.8834,-0.2831
NOV,National Oilwell Varco Inc,10.19,3.59914,$3.97B,1.94363,United States of America,Energy,Energy Equipment & Services,-63.45881,-63.03749,1.700943,0.57646,27,26,40,11,--,,-28.8764,94.6767,-0.6811
NRG,NRG Energy Inc,23.31,2.97361,$5.96B,5.01044,United States of America,Utilities,Electric Utilities,-42.88099,-42.28546,1.08301,0.36755,30,83,95,60,1.5,,24.95522,96.0097,-0.9584
NSC,Norfolk Southern Corp,123.71,1.70637,$35.16B,2.75801,United States of America,Industrials,Road & Rail,-23.74427,-22.29838,1.02171,0.28839,31,72,20,31,12.1,1.36766,5.61951,72.6935,0.6323
NTAP,NetApp Inc,36.24,2.52054,$8.56B,4.97925,United States of America,Information Technology,"Technology Hardware, Storage & Peripherals",-42.1021,-40.32633,1.517273,0.39181,86,89,74,87,8.6,1.32976,-7.54425,94.7121,-6.7145
NTRS,Northern Trust Corp,64.56,1.4051,$14.14B,4.15369,United States of America,Financials,Capital Markets,-29.08689,-26.91652,1.413348,0.3446,79,73,23,79,9.7,19.10465,-0.96582,81.2815,-0.52
ES,Eversource Energy,68.34,2.17757,$25.42B,2.94614,United States of America,Utilities,Electric Utilities,9.75783,12.71069,0.560271,0.21809,20,28,30,35,24.3,4.78783,7.78761,83.8005,2.7511
NUE,Nucor Corp,30.63,2.28656,$9.30B,5.22388,United States of America,Materials,Metals & Mining,-47.73614,-46.20153,1.325066,0.34198,81,69,28,84,7.4,1.23765,-17.81176,78.3575,0.1493
NVDA,NVIDIA Corporation,205.75,11.04798,$130.34B,0.30051,United States of America,Information Technology,Semiconductors & Semiconductor Equipment,21.2054,21.6258,1.387095,0.39851,49,69,73,53,45.5,3.59674,33.8342,65.8463,2.1253
NVR,NVR Inc.,2326.89,0.03282,$9.84B,,United States of America,Consumer Discretionary,Household Durables,-0.83812,-0.83812,0.538775,0.40263,66,79,85,99,10.5,1.2246,5.19061,85.8685,3.552
NWL,Newell Brands Inc,11.42,3.90127,$5.26B,7.40145,United States of America,Consumer Discretionary,Household Durables,-21.67612,-17.13312,1.461552,0.39571,63,69,51,32,26,11.33607,-11.05882,,-1.8873
O,Realty Income Corp.,47.42,2.53945,$16.04B,5.81531,United States of America,Real Estate,Equity Real Estate Investment Trusts (REITs),-31.36331,-28.77788,0.663633,0.46133,30,69,97,76,34.4,6.34678,10,75.9958,2.9192
ODFL,Old Dominion Freight Line Inc,168.68,0.71545,$12.92B,0.56755,United States of America,Industrials,Road & Rail,12.53037,13.02957,1.273096,0.30006,32,86,24,64,22,2.46677,9.09922,74.9396,-0.8347
OKE,ONEOK Inc.,20.67,3.31804,$8.47B,18.25281,United States of America,Energy,"Oil, Gas & Consumable Fuels",-70.00439,-68.46705,0.965932,0.72722,31,25,47,22,6.7,0.65945,17.75244,74.2873,1.8735
OMC,Omnicom Group Inc.,49.51,2.02358,$11.91B,4.74106,United States of America,Communication Services,Media,-27.56571,-25.04471,0.942709,0.23906,79,61,91,83,8.2,1.79198,4.07591,93.3055,-0.5036
ORCL,Oracle Corp,45.65,12.15885,$142.47B,2.13002,United States of America,Information Technology,Software,-16.59882,-15.14236,0.940509,0.19569,85,61,73,54,14.4,1.40786,10.39773,50.4794,-3.2884
ORLY,O'Reilly Automotive Inc,263.77,0.69545,$21.97B,,United States of America,Consumer Discretionary,Specialty Retail,-22.36178,-22.36178,0.505574,0.26373,66,79,45,42,14.8,1.24922,6.9519,83.2951,0.1134
OXY,Occidental Petroleum Corp,10.23,16.87741,$9.68B,29.17821,United States of America,Energy,"Oil, Gas & Consumable Fuels",-83.63307,-82.23361,1.499489,0.63476,47,31,7,81,--,,,77.7067,-0.5812
PAYX,Paychex Inc.,51.97,1.87025,$20.80B,4.27365,United States of America,Information Technology,IT Services,-26.64644,-24.49667,0.934606,0.22952,67,44,54,81,17.4,2.29953,8.90845,68.3883,-1.2689
PCAR,PACCAR Inc,52.3,1.8836,$19.40B,2.28449,United States of America,Industrials,Machinery,-15.36778,-13.91873,1.102402,0.26269,63,41,37,,7.6,-3.03075,-25.15284,63.0454,-0.3613
BKNG,Booking Holdings Inc,1177.43,0.51769,$49.35B,,United States of America,Consumer Discretionary,Internet & Direct Marketing Retail,-32.45693,-32.45693,1.20125,0.31193,77,80,89,48,10.5,0.97176,-19.63147,89.2701,-2.9688
PEG,Public Service Enterprise Group Inc,37.82,3.16596,$19.73B,5.00766,United States of America,Utilities,Multi-Utilities,-33.79567,-31.61939,0.84252,0.30477,70,78,71,82,11.4,3.91792,3.32317,68.9291,-0.604
PEP,PepsiCo Inc,103.93,4.99784,$163.22B,3.2555,United States of America,Consumer Staples,Beverages,-0.63511,2.15555,0.692477,0.18632,50,58,6,41,20,4.03946,5.6962,,-0.671
PFE,Pfizer Inc,29.01,26.70003,$168.34B,4.99671,United States of America,Health Care,Pharmaceuticals,-28.08511,-25.33215,0.795145,0.23043,93,79,19,95,10.1,17.6655,-1.59322,70.9365,1.0228
PFG,Principal Financial Group Inc.,25.68,1.38749,$7.44B,8.33023,United States of America,Financials,Insurance,-48.21876,-45.99,1.553384,0.3947,92,64,51,82,5.2,0.75796,3.33333,,0.8782
PG,Procter & Gamble Co (The),102.43,8.17181,$273.69B,2.69205,United States of America,Consumer Staples,Household Products,8.76349,11.5851,0.76032,0.19594,37,94,68,55,60.6,7.88599,9.93363,62.976,-0.5456
PGR,Progressive Corp (The),68.28,3.69335,$39.19B,0.59666,United States of America,Financials,Insurance,-7.40331,-4.1536,0.728213,0.26372,81,96,94,85,10.2,-43.3103,2.36538,78.8868,0.5525
PH,Parker-Hannifin Corp,102.43,1.10624,$13.38B,3.37715,United States of America,Industrials,Machinery,-39.60482,-38.4316,1.370519,0.41807,74,38,8,53,9.8,1.68029,-12.47257,79.7145,-0.6272
PHM,PulteGroup Inc,19.77,3.70452,$5.28B,2.45776,United States of America,Consumer Discretionary,Household Durables,-25.57165,-24.6039,0.870467,0.50685,81,60,86,65,5.4,0.65074,13.27869,89.9247,4.1913
PKG,Packaging Corp Of America,85.88,0.84889,$8.37B,3.57224,United States of America,Materials,Containers & Packaging,-10.01017,-7.1053,1.102903,0.28431,67,71,19,58,11.7,2.41364,-22.10458,92.7845,-0.3852
PKI,PerkinElmer Inc.,70.89,0.66689,$7.45B,0.41779,United States of America,Health Care,Life Sciences Tools & Services,-29.5194,-29.30752,1.000613,0.27882,86,87,25,83,34.8,2.75492,10.87805,96.2475,0.8126
PNC,The PNC Financial Services Group Inc,89.49,2.31673,$40.02B,4.97728,United States of America,Financials,Banks,-28.62218,-26.38643,1.354865,0.32815,46,39,65,91,7.9,1.44691,-0.9921,78.7226,-0.6815
PNR,Pentair plc,23.78,1.12424,$4.12B,3.10458,United Kingdom,Industrials,Machinery,-43.90467,-42.88387,1.145756,0.3926,40,50,38,53,11.2,2.25352,5.5042,86.8049,2.5854
PNW,Pinnacle West Capital Corp,65.55,1.10321,$7.69B,4.5787,United States of America,Utilities,Electric Utilities,-27.53101,-25.17862,0.697585,0.34796,37,33,44,67,13.7,3.0935,1.71908,85.7085,0.3771
PPG,PPG Industries Inc.,79.72,1.71159,$18.04B,2.66458,United States of America,Materials,Chemicals,-30.96483,-29.79932,1.121027,0.32802,59,64,64,67,15.3,1.74461,5.53055,77.6516,0.8491
PPL,PPL Corp,19.67,5.57981,$16.56B,7.68874,United States of America,Utilities,Electric Utilities,-32.74143,-29.16784,0.993748,0.29547,41,37,23,44,8.3,,1.87755,68.0043,2.201
PRGO,Perrigo Co Plc,42.13,1.22409,$5.95B,2.05714,Ireland,Health Care,Pharmaceuticals,-11.14947,-9.6298,1.413341,0.41268,89,91,0,92,39.4,,0.99256,84.8618,-2.0232
PRU,Prudential Financial Inc,42.26,2.68174,$17.70B,9.91661,United States of America,Financials,Insurance,-54.16322,-52.08778,1.648999,0.41151,90,69,51,64,4.2,0.48667,2.06159,63.6244,1.0001
PSA,Public Storage,171.22,1.10386,$32.72B,4.26439,United States of America,Real Estate,Equity Real Estate Investment Trusts (REITs),-13.73919,-10.62199,0.338791,0.23878,66,95,3,17,23.5,,3.05898,78.9364,-0.8929
PVH,PVH Corp,31.57,1.04085,$2.48B,0.44248,United States of America,Consumer Discretionary,"Textiles, Apparel & Luxury Goods",-69.20142,-69.12811,1.668275,0.60054,82,45,26,77,3.7,0.80123,-1.44792,98.0412,0.1169
PWR,Quanta Services Inc.,25.13,1.47968,$3.84B,0.74129,United States of America,Industrials,Construction & Engineering,-27.86096,-27.54539,0.888072,0.32733,68,25,88,73,9.2,0.94319,13.84384,91.5023,3.2554
PXD,Pioneer Natural Resources Co,61.76,1.93321,$9.99B,3.64419,United States of America,Energy,"Oil, Gas & Consumable Fuels",-56.32009,-55.94532,1.206584,0.5168,43,82,58,61,13.7,0.60003,-22.32274,87.7114,1.3448
QCOM,QUALCOMM Inc.,60.91,10.98803,$74.30B,3.81538,United States of America,Information Technology,Semiconductors & Semiconductor Equipment,14.09514,17.8145,1.169356,0.55965,83,83,20,56,17.3,0.71435,15.48023,76.0833,-1.2356
RCL,Royal Caribbean Cruises Ltd,23.81,5.11017,$4.68B,13.92236,United States of America,Consumer Discretionary,"Hotels, Restaurants & Leisure",-80.91792,-80.3665,1.443218,0.68811,79,84,4,85,2.7,0.18297,-34.97904,74.3086,2.1871
RE,Everest Re Group Ltd,194.65,0.30241,$7.64B,3.31126,Bermuda,Financials,Insurance,-14.45932,-12.39604,0.930078,0.29605,72,61,85,60,7.9,2.89445,11.31678,95.0994,1.2973
REG,Regency Centers Corp.,35.3,1.07902,$6.27B,6.34159,United States of America,Real Estate,Equity Real Estate Investment Trusts (REITs),-41.66926,-39.53253,0.738489,0.36992,29,68,16,25,24.7,,10.76923,,-0.981
REGN,Regeneron Pharmaceuticals Inc,438.45,1.04744,$54.02B,,United States of America,Health Care,Biotechnology,20.35431,20.35431,0.159942,0.3593,93,80,8,77,23.8,3.04227,14.5075,67.5398,0.3396
RF,Regions Financial Corp,8.26,11.45026,$7.93B,7.48792,United States of America,Financials,Banks,-47.02495,-44.83845,1.447858,0.44703,86,35,50,83,5.5,0.67158,3.55263,71.0039,0.002
RHI,Robert Half International Inc.,35,1.06774,$4.40B,3.56021,United States of America,Industrials,Professional Services,-42.72005,-41.43875,1.165782,0.30354,61,70,39,33,9,1.66015,3.07692,93.1275,-3.398
RJF,Raymond James Financial Inc.,61.42,1.0723,$9.29B,2.21358,United States of America,Financials,Capital Markets,-17.99338,-16.62887,1.268636,0.29436,60,72,56,71,8.3,1.07075,-2.28378,71.7987,2.052
RL,Ralph Lauren Corp,66.61,1.1636,$5.20B,3.8996,United States of America,Consumer Discretionary,"Textiles, Apparel & Luxury Goods",-43.49812,-42.126,1.355311,0.42645,72,46,98,78,7.8,1.10265,7.46871,96.751,-4.4207
RMD,Resmed Inc,114.34,0.6105,$19.68B,1.14622,United States of America,Health Care,Health Care Equipment & Supplies,39.01941,40.57183,0.722463,0.24828,71,84,37,63,36.4,1.99742,18.13187,66.6486,1.0328
ROK,Rockwell Automation Inc.,126.79,1.00724,$15.69B,3.02043,United States of America,Industrials,Electrical Equipment,-24.43922,-22.70616,1.263352,0.37195,57,68,79,43,16.2,2.68651,1.188,74.0167,1.1314
ROL,Rollins Inc.,35,1.50055,$11.66B,1.34831,United States of America,Industrials,Commercial Services & Supplies,-12.69571,-11.65642,0.528653,0.25704,34,66,36,48,56.5,,9.17808,40.954,-3.2844
ROP,Roper Technologies Inc,283.15,0.53138,$31.23B,0.68331,United States of America,Industrials,Industrial Conglomerates,-9.61376,-9.12923,0.819349,0.2238,29,28,75,33,16.8,3.24107,2.7433,92.9086,0.5462
ROST,Ross Stores Inc,63.9,2.28221,$23.36B,1.75385,United States of America,Consumer Discretionary,Specialty Retail,-29.13214,-28.40199,0.994161,0.43304,63,72,54,67,13.9,1.72892,2.65217,85.3042,-2.6194
RSG,Republic Services Inc.,71.54,1.24195,$23.59B,2.18919,United States of America,Industrials,Commercial Services & Supplies,-6.1152,-4.39665,0.604784,0.22235,35,86,29,32,21.5,3.02467,4.5509,58.0091,0.2992
RTN,Raytheon Co.,124.14,2.14918,$33.78B,3.10697,United States of America,Industrials,Aerospace & Defense,-32.65249,-31.32182,1.17343,0.39584,71,69,79,76,10.4,0.92422,6.07712,75.9995,2.7532
SBAC,SBA Communications Corp,229.33,0.75445,$27.40B,0.75875,United States of America,Real Estate,Equity Real Estate Investment Trusts (REITs),27.75027,28.33739,0.690773,0.27622,4,46,59,52,179.2,,69.29687,92.2234,-1.3857
T,AT&T Inc,28.45,36.02241,$225.98B,6.67737,United States of America,Communication Services,Diversified Telecommunication Services,1.53194,7.49176,0.741425,0.21428,60,73,7,60,15.1,3.15223,1.09244,55.2462,2.2756
SBUX,Starbucks Corp,58.03,9.26732,$72.13B,2.67057,United States of America,Consumer Discretionary,"Hotels, Restaurants & Leisure",-13.9675,-12.40788,0.9949,0.31318,5,95,47,43,19,1.96193,-0.9894,68.0357,-3.0238
SCHW,Schwab (Charles) Corp,30.75,12.75892,$40.91B,2.26273,United States of America,Financials,Capital Markets,-30.43288,-29.30491,1.185233,0.36447,85,85,26,74,11.5,6.51235,-11.08614,81.2853,3.4641
SEE,Sealed Air Corp,24.02,1.34699,$3.40B,2.90909,United States of America,Materials,Containers & Packaging,-51.39196,-50.55793,0.978432,0.42189,18,61,11,34,12.7,1.91838,2.30496,92.5324,-1.5344
SHW,Sherwin-Williams Co (The),412.7,0.59075,$41.02B,1.20417,United States of America,Materials,Chemicals,3.45132,4.4149,1.147059,0.33117,49,80,55,25,25,2.36718,9.63542,76.3758,-0.2285
SIVB,SVB Financial Group,150.64,0.54709,$8.69B,,United States of America,Financials,Banks,-31.50735,-31.50735,1.9681,0.41739,72,50,37,99,6.9,0.96738,-17.79567,91.4804,0.0842
SJM,J.M. Smucker Co (The),104.17,1.02808,$12.43B,3.22877,United States of America,Consumer Staples,Food Products,1.97362,5.14948,0.461985,0.25383,56,70,58,47,19,17.55883,-0.72376,79.7631,2.6267
SLB,Schlumberger Ltd,14.28,14.25351,$19.20B,14.41961,United States of America,Energy,Energy Equipment & Services,-67.93064,-66.03603,1.672613,0.5386,31,64,19,50,--,,-14.21769,77.0555,0.707
SLG,SL Green Realty Corp.,45.84,0.8786,$3.96B,7.08283,United States of America,Real Estate,Equity Real Estate Investment Trusts (REITs),-43.91831,-41.63696,1.040849,0.37185,30,43,74,11,14.8,,-49.6463,94.7888,-1.371
SNA,Snap-On Inc,99.87,0.47064,$5.85B,4.03625,United States of America,Industrials,Machinery,-32.58377,-30.83552,0.808931,0.27952,64,54,24,62,8,1.29587,2.031,95.42,1.3976
SNPS,Synopsys Inc,110,1.24281,$17.27B,,United States of America,Information Technology,Software,5.28437,5.28437,1.000914,0.28025,65,88,10,74,35.1,2.48165,14.45175,87.0611,-0.7037
SO,Southern Co (The),46.36,5.48592,$53.60B,4.8723,United States of America,Utilities,Electric Utilities,-0.17651,3.98769,0.667946,0.28499,36,44,37,47,10.3,5.37686,2.31511,59.5019,2.1438
SPG,Simon Property Group Inc.,48.14,2.68573,$17.10B,15.06997,United States of America,Real Estate,Equity Real Estate Investment Trusts (REITs),-67.85467,-66.0807,1.046989,0.58303,93,94,7,8,7.1,,-0.69016,94.912,-0.2131
SRE,Sempra Energy,99.64,1.68975,$29.17B,4.18,United States of America,Utilities,Multi-Utilities,-19.30929,-16.17777,0.727677,0.30224,33,30,3,30,16.3,,5.63422,87.0385,-1.6547
TRV,Travelers Companies Inc (The),89.51,1.67391,$21.99B,3.81085,United States of America,Financials,Insurance,-35.25164,-33.71802,0.815116,0.33197,82,82,83,74,9,1.43598,7.17708,79.9353,-1.6962
STT,State Street Corporation,46.67,3.0974,$16.67B,4.46065,United States of America,Financials,Capital Markets,-33.53763,-31.47079,1.202601,0.42192,75,62,74,46,8.7,-27.13572,5.10535,91.1277,-1.2367
STX,Seagate Technology Plc,40.73,2.70095,$11.13B,6.0947,Ireland,Information Technology,"Technology Hardware, Storage & Peripherals",-9.73339,-6.24468,1.046302,0.32211,88,88,21,74,6.6,0.95499,5.76763,86.2262,0.415
STZ,Constellation Brands Inc,119.7,1.44168,$23.48B,2.43784,United States of America,Consumer Staples,Beverages,-26.4567,-25.33928,1.357586,0.40699,53,47,24,32,28.3,,-6.08836,82.9532,0.8305
SWK,Stanley Black & Decker Inc,79.45,1.44132,$12.86B,3.29474,United States of America,Industrials,Machinery,-37.16622,-35.93131,1.248594,0.41837,52,65,68,38,12.5,1.69456,3.46429,87.5418,4.0797
SWKS,Skyworks Solutions Inc,73.67,2.58296,$13.18B,2.27743,United States of America,Information Technology,Semiconductors & Semiconductor Equipment,-7.36035,-5.52034,1.53168,0.39435,86,69,8,20,15.4,1.5773,1.05348,80.8471,-2.6041
SYK,Stryker Corp,139.38,1.77952,$55.99B,1.53846,United States of America,Health Care,Health Care Equipment & Supplies,-23.77116,-22.97883,1.05576,0.29394,76,77,0,81,25.4,2.72647,9.86683,72.8381,-0.4424
NLOK,NortonLifeLock Inc,16.96,9.20811,$10.33B,2.97265,United States of America,Information Technology,Software,25.43056,4.95676,1.065639,0.40977,91,42,92,72,23.6,,36.66667,92.7283,4.9796
SYY,Sysco Corporation,35.33,3.3513,$18.88B,4.85044,United States of America,Consumer Staples,Food & Staples Retailing,-43.92566,-42.70755,0.794643,0.492,64,80,69,77,10.1,1.43692,5.04225,79.4216,1.1165
TFX,Teleflex Inc,243.84,0.24196,$11.79B,0.53459,United States of America,Health Care,Health Care Equipment & Supplies,-15.5995,-15.25343,0.798819,0.35177,77,78,44,66,24.9,1.70959,13.34529,91.3735,1.2151
TGT,Target Corp,97.4,5.69967,$50.67B,2.62687,United States of America,Consumer Discretionary,Multiline Retail,28.09075,31.74842,0.635414,0.37891,71,98,73,56,15.4,1.79036,7.13615,80.0722,4.2377
TIF,Tiffany & Co.,125.44,2.8984,$15.11B,1.84127,United States of America,Consumer Discretionary,Specialty Retail,29.87013,32.75931,0.687985,0.41359,29,32,20,43,28.1,3.82365,-3.13684,85.1208,-10.5698
TJX,TJX Companies Inc (The),37.37,6.34236,$50.11B,2.20888,United States of America,Consumer Discretionary,Specialty Retail,-20.24129,-18.934,0.711449,0.30144,58,66,69,61,14,1.81767,2.28464,88.7142,0.0438
GL,Globe Life Inc,61.41,0.53879,$6.95B,1.16279,United States of America,Financials,Insurance,-22.67114,-22.09369,1.162815,0.28734,78,83,44,88,9,1.29347,5.45185,73.4368,-1.5787
TMO,Thermo Fisher Scientific Inc,278.37,1.70142,$111.98B,0.31335,United States of America,Health Care,Life Sciences Tools & Services,5.59483,5.87716,1.268517,0.26286,87,95,57,71,30.4,2.47293,10.2915,87.8613,-0.3135
TROW,T. Rowe Price Group Inc,90.34,1.29892,$24.14B,3.50843,United States of America,Financials,Capital Markets,-0.02923,2.98271,1.228976,0.229,73,93,93,36,10.4,1.4013,-0.40892,69.6026,0.5103
TSCO,Tractor Supply Co,75.91,1.54485,$9.03B,1.8327,United States of America,Consumer Discretionary,Specialty Retail,-16.20228,-15.02028,0.890677,0.29542,63,69,65,59,16.3,1.57229,7.12446,84.3137,1.1181
TSN,Tyson Foods Inc.,53.62,3.06278,$19.79B,3.09906,United States of America,Consumer Staples,Food Products,-17.5764,-15.94518,0.853089,0.38656,72,47,32,67,9.7,1.1649,13.44322,84.3038,-0.8162
TTWO,Take-Two Interactive Software Inc,100.15,1.73562,$12.06B,,United States of America,Communication Services,Entertainment,11.03455,11.03455,0.437816,0.26996,51,91,25,64,33.7,2.88383,-2.52588,91.0383,0.7424
TXN,Texas Instruments Inc,97.6,5.60067,$94.67B,3.54435,United States of America,Information Technology,Semiconductors & Semiconductor Equipment,-7.68042,-5.14992,1.209768,0.27623,77,87,5,51,18.6,2.8844,-5.19084,83.9183,-1.296
TXT,Textron Inc,22.29,1.90656,$5.80B,0.31434,United States of America,Industrials,Aerospace & Defense,-51.08591,-50.99245,1.422106,0.3964,77,46,53,58,6.4,1.55062,-7.35294,83.893,-0.9512
JCI,Johnson Controls International Plc,24.91,5.73959,$19.93B,3.98773,Ireland,Industrials,Building Products,-28.29255,-26.32768,0.820873,0.31716,30,36,75,34,17.8,,26.83673,90.5534,-2.5449
UDR,UDR Inc,32.03,1.7759,$9.95B,4.05806,United States of America,Real Estate,Equity Real Estate Investment Trusts (REITs),-24.16891,-21.91876,0.684113,0.28603,33,71,53,49,50.8,,-67.61905,97.874,2.4597
UHS,Universal Health Services Inc.,75.42,0.66649,$7.36B,0.94295,United States of America,Health Care,Health Care Providers & Services,-37.35509,-37.02846,1.023574,0.4662,97,98,70,96,8.3,0.85952,6.66667,93.5274,-0.7905
UNH,Unitedhealth Group Inc,206.59,4.66819,$208.37B,1.96542,United States of America,Health Care,Health Care Providers & Services,-14.51795,-13.03425,1.218012,0.38269,91,95,79,97,14.4,1.16183,9.0867,86.8446,1.915
UNM,Unum Group,10.56,2.32781,$2.20B,10.53604,United States of America,Financials,Insurance,-70.17641,-69.08585,1.777736,0.50444,90,42,50,71,2,0.38474,5.01838,92.6202,-1.6205
UNP,Union Pacific Corp,117.84,3.58732,$84.19B,3.18948,United States of America,Industrials,Road & Rail,-24.32348,-22.60508,0.941242,0.29467,39,82,9,34,14.1,1.31538,7.97136,78.9063,1.4508
UPS,United Parcel Service Inc,93.46,4.15623,$82.45B,4.1974,United States of America,Industrials,Air Freight & Logistics,-12.77753,-9.64401,1.210233,0.3134,33,84,14,57,18.3,2.60845,3.08101,68.2054,0.4863
URI,United Rentals Inc.,70.1,1.31935,$5.78B,,United States of America,Industrials,Trading Companies & Distributors,-35.60656,-35.60656,1.869825,0.53294,93,87,25,65,4.6,0.72007,0.97336,92.0955,3.4955
USB,U.S. Bancorp,32.57,7.87439,$50.94B,5.05872,United States of America,Financials,Banks,-36.04853,-34.1469,1.122282,0.28325,43,62,5,85,7.8,1.33696,0.33654,75.7276,-1.5682
UTX,United Technologies Corp,82.53,4.84238,$72.40B,3.51003,United States of America,Industrials,Aerospace & Defense,-33.7918,-32.38432,1.209739,0.36983,58,35,87,47,12.9,1.56642,-3.06295,80.8554,0.5497
VAR,Varian Medical Systems Inc,99.52,0.70765,$9.79B,,United States of America,Health Care,Health Care Equipment & Supplies,-21.03337,-21.03337,1.112951,0.28223,76,83,3,97,33.1,3.62093,8.87689,89.3749,0.9614
VFC,V.F. Corp,52.78,2.76365,$22.52B,3.3637,United States of America,Consumer Discretionary,"Textiles, Apparel & Luxury Goods",-29.90087,-28.51382,1.144208,0.3193,34,61,51,39,15.9,1.7297,-10.6044,88.4859,-12.5079
VLO,Valero Energy Corp,38.66,4.08127,$15.31B,10.47848,United States of America,Energy,"Oil, Gas & Consumable Fuels",-56.71642,-54.84553,1.579775,0.48929,62,62,79,62,6.6,0.51363,6.94737,76.764,2.5484
VMC,Vulcan Materials Co,84.65,1.08682,$11.94B,1.50743,United States of America,Materials,Construction Materials,-21.73159,-20.99188,0.740275,0.39216,35,50,63,33,18.1,1.12476,17.78723,89.3715,-2.792
VNO,Vornado Realty Trust,29.66,1.43998,$6.28B,8.02432,United States of America,Real Estate,Equity Real Estate Investment Trusts (REITs),-49.11751,-47.1023,1.118503,0.39511,81,32,38,98,1.8,,-95.657,77.5956,1.6338
VRSN,Verisign Inc,157.13,0.66507,$19.21B,,United States of America,Information Technology,IT Services,-9.70927,-9.70927,0.773234,0.22888,16,86,8,34,30.5,,0.5838,90.9424,-0.7228
VRTX,Vertex Pharmaceuticals Inc,206,1.56258,$55.86B,,United States of America,Health Care,Biotechnology,18.66747,18.66747,0.815157,0.27224,89,82,12,65,45.7,1.73599,44.24015,93.3531,-0.4118
VTR,Ventas Inc.,21.62,3.30598,$7.45B,15.86587,United States of America,Real Estate,Equity Real Estate Investment Trusts (REITs),-67.2888,-65.69058,0.691441,0.63547,64,71,32,20,18.5,-33.57984,,87.6687,-0.3084
VZ,Verizon Communications Inc,51.8,15.98715,$221.76B,4.58784,United States of America,Communication Services,Diversified Telecommunication Services,-6.74783,-2.84656,0.636772,0.17265,57,76,62,61,11.1,3.20044,2.64033,65.7338,1.0077
WAB,Wabtec Corp,40.75,1.57298,$8.17B,1.12623,United States of America,Industrials,Machinery,-41.08377,-40.71374,1.241407,0.43375,57,16,61,41,22.1,2.3031,11.72662,96.1772,-1.8997
WBA,Walgreens Boots Alliance Inc,46.42,6.22072,$43.12B,3.76931,United States of America,Consumer Staples,Food & Staples Retailing,-23.86702,-21.28545,0.918019,0.33251,64,77,15,83,11.4,4.32045,-2.47078,58.3009,-3.3687
WAT,Waters Corp,173.46,0.51347,$11.10B,,United States of America,Health Care,Life Sciences Tools & Services,-28.03602,-28.03602,0.83329,0.25101,89,83,54,79,20,2.60169,3.9822,94.9001,-1.9515
WDC,Western Digital Corp,31.05,5.36811,$9.37B,6.38162,United States of America,Information Technology,"Technology Hardware, Storage & Peripherals",-34.5447,-31.9524,1.576357,0.6093,31,55,65,53,--,,-33.8843,82.2711,-1.91
WEC,WEC Energy Group Inc,74.09,1.72548,$28.52B,2.79836,United States of America,Utilities,Multi-Utilities,16.49272,19.67596,0.544576,0.24106,41,56,44,35,20.7,4.05234,4.49721,76.9904,-0.1035
WFC,Wells Fargo & Co,26.5,25.07368,$116.96B,7.21103,United States of America,Financials,Banks,-44.9718,-42.6953,1.071005,0.30764,67,56,2,88,6.5,0.65892,-4.79012,73.2889,-2.3809
WHR,Whirlpool Corp,74.45,0.99525,$5.19B,5.81325,United States of America,Consumer Discretionary,Household Durables,-37.54633,-35.35431,1.23138,0.37458,79,70,69,76,4,1.01768,-2.1125,98.8657,3.3984
ANTM,Anthem Inc,191.59,1.80271,$50.80B,1.89177,United States of America,Health Care,Health Care Providers & Services,-34.78035,-33.9551,1.107464,0.43009,96,93,91,97,10.4,0.66825,15.51955,87.4176,-0.9918
WMB,Williams Cos Inc. (The),11.53,13.80182,$13.11B,14.78743,United States of America,Energy,"Oil, Gas & Consumable Fuels",-61.53573,-58.76417,0.96455,0.47309,38,61,68,22,16.2,2.19462,7.07071,86.266,-0.6003
WM,Waste Management Inc.,98.31,2.13664,$42.37B,2.18327,United States of America,Industrials,Commercial Services & Supplies,-1.39246,0.37824,0.698052,0.21133,42,79,52,37,25.1,3.55027,3.59091,73.1754,1.5009
WMT,Walmart Inc,113.97,7.30889,$339.24B,1.80829,United States of America,Consumer Staples,Food & Staples Retailing,19.62944,21.92835,0.634772,0.18952,43,82,47,58,22,4.0286,3.69168,30.3535,1.232
AGN,Allergan PLC,170.88,2.93897,$56.28B,1.72837,Ireland,Health Care,Pharmaceuticals,11.13563,13.10968,0.709028,0.3726,93,97,71,95,--,,-0.85034,82.8589,0.8557
EVRG,Evergy Inc,47.18,2.58352,$12.49B,3.66606,United States of America,Utilities,Electric Utilities,-2.3569,0.64489,0.562578,0.23771,66,69,64,55,16.9,3.02747,7.50865,83.1875,-3.5656
WLTW,Willis Towers Watson plc,152.63,0.79934,$19.64B,1.78255,United Kingdom,Financials,Insurance,-11.74667,-10.53503,0.77261,0.2355,36,48,88,39,19,2.22659,9.74453,91.5381,-0.4479
WY,Weyerhaeuser Co,14.76,4.02735,$12.03B,8.42627,United States of America,Real Estate,Equity Real Estate Investment Trusts (REITs),-36.85446,-33.58302,1.33586,0.40857,18,34,47,19,--,,65.12821,76.6575,0.686
WYNN,Wynn Resorts Ltd,51.97,3.12227,$5.00B,8.58738,United States of America,Consumer Discretionary,"Hotels, Restaurants & Leisure",-60.46512,-59.08305,1.799088,0.63681,48,50,5,27,45.2,,-15.68075,76.1763,4.5364
XEL,Xcel Energy Inc.,50.63,3.57823,$30.42B,2.96603,United States of America,Utilities,Electric Utilities,4.18613,6.92971,0.678613,0.24206,44,51,86,43,19.2,3.60097,5.64394,,0.3917
XLNX,Xilinx Inc.,71.86,3.5204,$18.78B,1.9613,United States of America,Information Technology,Semiconductors & Semiconductor Equipment,-40.61074,-39.72088,0.889578,0.32005,59,54,17,47,21,3.11952,-9.02017,81.1382,-4.5317
XOM,Exxon Mobil Corp,32.74,22.53084,$145.78B,10.10746,United States of America,Energy,"Oil, Gas & Consumable Fuels",-57.4255,-55.27062,1.040821,0.30702,29,57,22,59,9.7,1.81267,-17.27679,54.7299,1.1793
XRAY,DENTSPLY SIRONA Inc,32.82,1.71068,$7.77B,1.13928,United States of America,Health Care,Health Care Equipment & Supplies,-28.99899,-28.50611,0.961511,0.31972,86,97,59,94,28.1,2.40549,6.89796,94.1665,-0.3431
XRX,Xerox Holdings Corp,16.45,2.42361,$3.71B,5.72738,United States of America,Information Technology,"Technology Hardware, Storage & Peripherals",-45.23212,-43.57723,1.392872,0.52243,98,73,91,88,5.9,1.90603,1.97183,85.0854,-0.4297
YUM,YUM! Brands Inc.,58.08,2.2365,$18.78B,3.00319,United States of America,Consumer Discretionary,"Hotels, Restaurants & Leisure",-36.9206,-35.87182,0.740402,0.33084,9,78,76,21,14,1.10009,9.57746,75.366,-0.4519
ZBRA,Zebra Technologies Corp.,179.38,0.62688,$9.99B,,United States of America,Information Technology,"Electronic Equipment, Instruments & Components",-13.38918,-13.38918,1.143076,0.34242,75,88,48,61,18,,2.04791,86.1354,-0.6359
ZION,Zions Bancorporation NA,25.58,2.65976,$4.50B,4.99083,United States of America,Financials,Banks,-44.35369,-42.73633,1.093631,0.32863,82,75,14,95,6.1,1.48518,-0.57692,95.9089,-0.3269
ZBH,Zimmer Biomet Holdings Inc,85.98,1.29722,$18.36B,1.07696,United States of America,Health Care,Health Care Equipment & Supplies,-29.0964,-28.5752,1.057701,0.37015,86,94,65,94,15.7,2.71286,4.25667,87.7365,0.9105
TAP,Molson Coors Beverage Co,36.94,1.99446,$8.33B,5.92054,United States of America,Consumer Staples,Beverages,-36.61949,-33.96526,0.983243,0.27523,77,68,57,83,33.3,,-17.04846,86.4159,0.8765
HFC,HollyFrontier Corp,22.28,2.40221,$3.40B,6.67302,United States of America,Energy,"Oil, Gas & Consumable Fuels",-59.73901,-58.54093,1.510546,0.42473,70,55,25,63,4.8,-4.50964,-24.73469,84.426,-0.2828
CSCO,Cisco Systems Inc,35.6,26.5935,$159.93B,3.81862,United States of America,Information Technology,Communications Equipment,-29.2628,-27.30625,1.311803,0.2802,83,77,60,71,13.9,2.14511,4.22581,71.1044,0.1178
MGM,MGM Resorts International,9.11,9.62054,$3.87B,7.79221,United States of America,Consumer Discretionary,"Hotels, Restaurants & Leisure",-71.01995,-70.40963,1.552822,0.67962,89,37,92,48,2.3,-0.10802,-85.10309,80.1876,-1.354
NDAQ,Nasdaq Inc,80.5,0.93134,$14.53B,2.13636,United States of America,Financials,Capital Markets,4.58759,6.58549,0.716282,0.25162,56,77,84,51,17.4,2.38925,8.76,76.1253,1.6571
DISCA,Discovery Inc,18.76,4.74648,$11.25B,,United States of America,Communication Services,Media,-22.15701,-22.15701,1.101771,0.34552,93,63,76,78,6.5,,-0.4336,88.9799,4.4596
EXPE,Expedia Group Inc,48.8,3.8894,$6.91B,2.80818,United States of America,Consumer Discretionary,Internet & Direct Marketing Retail,-60.38122,-59.88038,1.281213,0.56971,93,87,92,81,12.9,0.84915,-4.95935,98.6991,-1.2637
CF,CF Industries Holdings Inc,22.25,2.61274,$4.96B,5.22193,United States of America,Materials,Chemicals,-45.40271,-43.9072,0.710089,0.4477,88,83,40,44,10,0.40678,-17.48918,91.8262,-1.9536
AMP,Ameriprise Financial Inc,89.83,0.91013,$11.83B,4.06581,United States of America,Financials,Capital Markets,-25.94863,-24.0542,1.720965,0.39408,88,70,20,74,6.5,0.5915,8.36025,79.5823,-1.9654
ICE,Intercontinental Exchange Inc,72.99,3.72092,$40.82B,1.62866,United States of America,Financials,Capital Markets,-0.76768,0.51668,0.373745,0.26479,52,67,12,65,21.3,2.28085,9.6134,89.4276,-0.2471
UAA,Under Armour Inc,8.17,6.20528,$4.09B,,United States of America,Consumer Discretionary,"Textiles, Apparel & Luxury Goods",-59.09707,-59.09707,1.451487,0.53198,53,71,32,60,40.9,2.12015,-67.64706,93.9656,-0.889
VIAC,ViacomCBS Inc,11.97,10.05279,$7.76B,7.60697,United States of America,Communication Services,Media,-73.27404,-72.50973,1.215847,0.48207,68,37,8,73,2.3,,5.72854,80.3385,58.0059
LYV,Live Nation Entertainment Inc,33.97,3.1908,$7.04B,,United States of America,Communication Services,Entertainment,-47.44572,-47.44572,1.346772,0.48821,42,55,33,41,--,,,69.8921,2.525
CMG,Chipotle Mexican Grill Inc,566,0.52796,$14.88B,,United States of America,Consumer Discretionary,"Hotels, Restaurants & Leisure",-19.48007,-19.48007,0.996961,0.40721,37,57,89,18,45.7,1.74284,29.9573,89.8844,-3.7301
UAL,United Airlines Holdings Inc,24.5,5.82791,$5.35B,,United States of America,Industrials,Airlines,-73.83821,-73.83821,1.652019,0.61821,98,75,94,90,2.1,0.15282,-82.30705,,-1.8031
TDG,TransDigm Group Inc,302.51,0.50622,$16.40B,,United States of America,Industrials,Aerospace & Defense,-23.70597,-23.99066,1.002178,0.52409,5,10,31,18,28.2,2.26813,7.16475,98.4212,0.3442
MA,Mastercard Inc,211.42,4.67702,$228.74B,0.70438,United States of America,Information Technology,IT Services,-1.67092,-1.16336,1.157763,0.27548,70,65,88,55,26.6,1.60658,13.6036,75.063,0.2866
HBI,Hanesbrands Inc,8.98,7.07497,$3.33B,6.52884,United States of America,Consumer Discretionary,"Textiles, Apparel & Luxury Goods",-48.51541,-46.50015,1.037841,0.37806,82,64,55,43,5.5,2.83013,-2.38636,95.4412,5.3647
WU,Western Union Co,18.37,7.65525,$8.39B,4.4843,United States of America,Information Technology,IT Services,11.06807,15.10455,0.950932,0.22739,29,63,11,73,7.5,1.69533,14.27746,91.8152,1.7687
LDOS,Leidos Holdings Inc,72.51,1.02415,$10.70B,1.7916,United States of America,Information Technology,IT Services,19.92101,21.81082,1.049922,0.33707,82,90,44,66,15.8,1.71825,8.47195,76.2357,2.5699
IPGP,IPG Photonics Corp,109.08,0.45627,$5.83B,,United States of America,Information Technology,"Electronic Equipment, Instruments & Components",-27.53757,-27.53757,1.458132,0.42562,39,39,20,20,32.6,18.75309,-19.18465,64.4744,0.0408
BR,Broadridge Financial Solutions Inc,90.77,0.8481,$10.73B,2.31164,United States of America,Information Technology,IT Services,-9.25512,-7.60298,1.007577,0.23508,66,66,1,55,25.5,,8.51931,85.088,-1.233
TMUS,T-Mobile US Inc,74.55,4.23799,$68.08B,,United States of America,Communication Services,Wireless Telecommunication Services,9.45034,9.45034,1.028994,0.2954,34,53,49,43,18.5,1.11382,12.23881,32.6665,-2.8699
DAL,Delta Air Lines Inc,21.35,10.57165,$13.83B,7.48489,United States of America,Industrials,Airlines,-57.79042,-56.65626,1.712016,0.51781,85,82,67,95,2.9,0.34538,-45.3078,85.873,-0.3585
DFS,Discover Financial Services,25.25,2.37872,$8.79B,6.2125,United States of America,Financials,Consumer Finance,-61.52384,-60.68212,1.343041,0.57417,97,93,78,85,2.8,0.30736,-3.07269,83.9681,0.1142
TEL,TE Connectivity Ltd,55.56,1.84645,$18.26B,3.36996,Switzerland,Information Technology,"Electronic Equipment, Instruments & Components",-34.58728,-33.25586,1.141749,0.34148,88,84,4,88,11.9,,-11.42342,88.7405,-0.966
CXO,Concho Resources Inc,40.56,2.20357,$7.96B,1.98758,United States of America,Energy,"Oil, Gas & Consumable Fuels",-62.20657,-61.91724,1.507706,0.5198,33,56,7,48,--,,-14.45902,94.7794,0.0693
ULTA,Ulta Beauty Inc,148.06,1.24417,$8.42B,,United States of America,Consumer Discretionary,Specialty Retail,-56.05023,-56.05023,0.778763,0.57254,74,71,31,30,12.2,1.6219,1.45679,87.2677,-2.0404
MSCI,MSCI Inc,243.07,0.61525,$20.13B,1.14599,United States of America,Financials,Capital Markets,23.76806,25.07373,0.740589,0.32407,6,90,25,46,36.9,2.72854,14.0528,90.1822,-0.9812
PM,Philip Morris International Inc,61.09,5.51742,$103.36B,7.04501,United States of America,Consumer Staples,Tobacco,-26.59669,-22.30436,0.622412,0.32542,14,86,43,74,13.3,1.74225,6.24277,73.6508,1.8002
V,Visa Inc,146.83,9.95291,$327.49B,0.78818,United States of America,Information Technology,IT Services,-1.51368,-0.91428,1.087559,0.25333,68,71,63,56,26.8,1.83192,11.25,93.5819,0.1322
AWK,American Water Works Co Inc,100.69,1.16389,$20.82B,1.73732,United States of America,Utilities,Water Utilities,10.32103,12.19275,0.561505,0.24784,33,50,29,31,29.4,4.09301,6.7867,85.2949,1.4802
DISCK,Discovery Inc,16.87,3.61465,$10.01B,,United States of America,Communication Services,Media,-26.98106,-26.98106,0.991694,0.35081,94,63,77,80,6.5,,-2.79133,80.676,-0.4859
AVGO,Broadcom Inc,192.22,2.86196,$77.59B,6.68552,United States of America,Information Technology,Semiconductors & Semiconductor Equipment,-35.03391,-32.56352,1.232638,0.41005,90,66,5,48,31.8,2.60247,2.0573,82.1619,-0.6456
PBCT,People's United Financial Inc,11.81,3.8655,$5.74B,5.41159,United States of America,Financials,Banks,-23.54312,-20.24905,1.248059,0.2826,28,37,36,48,9.3,,-4.53237,82.594,8.7748
VRSK,Verisk Analytics Inc,124.25,0.92359,$22.27B,0.79132,United States of America,Industrials,Professional Services,5.90518,6.62795,0.637428,0.22637,35,78,17,29,46,5.21234,11.78082,88.7273,-1.6322
DG,Dollar General Corporation,140.13,2.20019,$36.03B,1.00699,United States of America,Consumer Discretionary,Multiline Retail,21.97202,23.06663,0.717397,0.24118,49,67,54,51,21.1,2.03788,10.60921,91.8018,-0.3861
FTNT,Fortinet Inc,84.91,1.57176,$14.79B,,United States of America,Information Technology,Software,0.98453,0.98453,0.954272,0.33937,72,85,20,33,45.4,2.5437,9.23077,71.1456,1.2805
CHTR,Charter Communications Inc,371.7,1.46543,$82.53B,,United States of America,Communication Services,Media,9.04702,9.04702,0.708281,0.25992,62,79,69,37,49.9,1.06961,88.10738,71.2404,-4.251
LYB,LyondellBasell Industries NV,42,2.5662,$14.42B,9.71548,United States of America,Materials,Chemicals,-50.28749,-47.62332,1.514963,0.50261,81,74,45,84,4.4,1.23841,-9.85386,67.0654,0.8167
CBOE,Cboe Global Markets Inc,79.69,0.8401,$9.17B,1.73682,United States of America,Financials,Capital Markets,-13.19234,-12.16615,0.231644,0.3411,54,92,20,88,23.9,5.67668,5.36998,,-0.4782
GM,General Motors Co,18.14,12.01942,$24.79B,8.58272,United States of America,Consumer Discretionary,Automobiles,-53.72354,-51.69153,1.188416,0.42448,64,57,10,92,4,0.45599,6.22407,76.5742,0.315
FRC,First Republic Bank,79.57,1.17695,$15.19B,0.84388,United States of America,Financials,Banks,-13.40385,-12.78002,1.121607,0.26935,4,69,90,38,15.3,2.29424,0.15385,94.9621,1.1418
FLT,FleetCor Technologies Inc,187.03,0.94762,$16.50B,,United States of America,Information Technology,IT Services,-19.75257,-19.75257,0.888632,0.28036,81,70,8,70,18.8,1.34367,12.9771,94.3444,1.0611
NLSN,Nielsen Holdings plc,13.62,4.10691,$5.39B,1.5852,United Kingdom,Industrials,Professional Services,-44.11222,-41.93184,1.243507,0.33515,57,73,68,38,--,,-4.38889,96.3002,6.5199
KMI,Kinder Morgan Inc.,12.35,15.90912,$25.37B,8.92857,United States of America,Energy,"Oil, Gas & Consumable Fuels",-44.13965,-41.38706,0.984114,0.44461,28,49,61,15,12.9,-2.03252,6.21053,61.8408,-0.379
HCA,HCA Healthcare Inc,78.5,1.97263,$28.26B,2.05988,United States of America,Health Care,Health Care Providers & Services,-38.88157,-38.09482,1.405134,0.48774,49,98,44,95,7.8,0.84483,10.7619,69.6814,0.4752
HII,Huntington Ingalls Industries Inc,159.32,0.38376,$6.91B,2.43111,United States of America,Industrials,Aerospace & Defense,-17.33171,-15.90638,1.238598,0.30985,72,85,1,58,12,-17.93667,46.8808,87.8589,-0.1011
MPC,Marathon Petroleum Corp,18.95,7.29433,$10.85B,13.8756,United States of America,Energy,"Oil, Gas & Consumable Fuels",-73.0453,-71.96282,1.555404,0.63255,77,54,20,69,4.8,1.07091,5.72874,76.3591,1.1877
FBHS,Fortune Brands Home & Security Inc,36.6,1.31259,$5.26B,2.54507,United States of America,Industrials,Building Products,-18.23109,-16.92337,1.30324,0.42136,65,67,82,45,12,1.78649,9.52778,87.1908,0.8317
XYL,Xylem Inc,59.89,1.2516,$11.61B,1.6134,United States of America,Industrials,Machinery,-17.81206,-16.79,1.071382,0.27602,42,67,37,41,27.1,2.57913,1.0596,85.7924,1.249
APTV,Aptiv Plc,45.17,1.70687,$10.36B,2.16856,United Kingdom,Consumer Discretionary,Auto Components,-50.99626,-50.48886,1.413007,0.60079,53,79,19,57,11.7,1.11904,-3.85417,90.7814,-1.4784
CPRI,Capri Holdings Ltd,9.87,3.20379,$1.49B,,United Kingdom,Consumer Discretionary,"Textiles, Apparel & Luxury Goods",-78.47938,-78.47938,1.288993,0.71633,86,29,38,90,4.3,3.32935,-11.36821,93.7772,1.2182
PSX,Phillips 66,48.35,3.30831,$20.15B,7.88091,United States of America,Energy,"Oil, Gas & Consumable Fuels",-53.80726,-52.08403,1.279592,0.37355,32,42,3,43,7.1,-4.01996,-1.51553,68.1406,1.1834
FB,Facebook Inc,149.73,17.22394,$436.73B,,United States of America,Communication Services,Interactive Media & Services,-5.22374,-5.22374,0.985768,0.29097,53,65,86,67,23.3,1.80136,40.32659,76.2909,1.044
NOW,ServiceNow Inc,254.7,2.56147,$52.61B,,United States of America,Information Technology,Software,14.7545,14.7545,0.669545,0.33505,59,69,88,29,80.1,3.0192,27.1988,96.2223,6.4711
FANG,Diamondback Energy Inc,18.59,3.00995,$2.97B,8.02568,United States of America,Energy,"Oil, Gas & Consumable Fuels",-81.88602,-81.66354,1.323601,0.71957,40,41,16,78,12.6,0.78175,-6.98413,99.4908,1.072
ABBV,AbbVie Inc,68.82,9.82396,$105.09B,6.64227,United States of America,Health Care,Biotechnology,-12.07622,-7.06587,0.990035,0.31309,51,99,84,92,13,2.76068,8.21029,71.1783,1.4052
NCLH,Norwegian Cruise Line Holdings Ltd,8.72,4.83031,$1.75B,,United States of America,Consumer Discretionary,"Hotels, Restaurants & Leisure",-85.33238,-85.33238,1.195584,0.75149,80,75,16,86,2,-0.07702,-46.32613,95.3574,1.2604
ZTS,Zoetis Inc,100.94,2.37956,$48.66B,0.78178,United States of America,Health Care,Pharmaceuticals,3.65681,4.26141,0.709244,0.27668,87,87,45,65,32.5,3.05667,8.92857,90.8331,0.7593
IQV,Iqvia Holdings Inc,91.67,1.61839,$17.43B,,United States of America,Health Care,Life Sciences Tools & Services,-37.26549,-37.26549,1.0979,0.38204,87,96,13,91,95.5,6.4292,13.27074,89.0199,-1.3602
COTY,Coty Inc,4.48,5.54392,$3.06B,12.43781,United States of America,Consumer Staples,Personal Products,-65.04348,-63.51211,1.496004,0.70438,72,57,76,68,--,,3.84615,36.4353,-1.982
NWSA,News Corp,9.02,2.97798,$5.69B,2.06825,United States of America,Communication Services,Media,-22.88676,-21.58436,1.238404,0.30253,45,54,24,72,--,,-26.95652,97.1463,3.0188
NWS,News Corp,8.71,0.85619,$5.48B,2.14592,United States of America,Communication Services,Media,-26.14897,-24.9395,1.215314,0.32938,44,54,23,73,--,,,30.2267,4.1855
CDW,CDW Corp,79.56,1.20705,$12.62B,1.72199,United States of America,Information Technology,"Electronic Equipment, Instruments & Components",-9.51307,-8.52163,1.189532,0.30574,79,92,64,70,15.9,1.48863,8.45902,91.9403,-1.8304
TWTR,Twitter Inc,23.95,17.80453,$18.81B,,United States of America,Communication Services,Interactive Media & Services,-22.83339,-22.83339,1.181714,0.46337,38,15,30,29,12.8,-0.51985,-63.20675,70.8955,0.1794
ALLE,Allegion Plc,82.84,0.73493,$8.73B,1.35939,Ireland,Industrials,Building Products,6.14361,7.24441,1.08104,0.28485,51,74,21,35,19.4,2.66144,4.21268,93.3514,1.0321
HLT,Hilton Worldwide Holdings Inc,61.6,3.07445,$16.19B,1.03395,United States of America,Consumer Discretionary,"Hotels, Restaurants & Leisure",-32.28705,-31.8631,1.076967,0.38739,10,81,4,24,20.3,1.29856,3.25641,98.0165,-0.8846
AAL,American Airlines Group Inc,10.38,16.27706,$4.41B,3.88727,United States of America,Industrials,Airlines,-67.4264,-66.99115,2.35916,0.52947,15,50,72,71,2.7,0.23941,-91.2449,82.5356,1.7857
GOOG,Alphabet Inc,1072.32,1.78322,$767.69B,,United States of America,Communication Services,Interactive Media & Services,-6.97001,-6.97001,0.947785,0.25815,41,56,91,65,21.7,,8.53336,67.0263,-1.6849
PAYC,Paycom Software Inc,192.81,0.87687,$11.39B,,United States of America,Information Technology,Software,7.88008,7.88008,0.435953,0.40439,55,56,69,69,62.4,2.36173,19.65714,70.1482,1.1759
ANET,Arista Networks Inc,164.48,0.84751,$13.59B,,United States of America,Information Technology,Communications Equipment,-39.73846,-39.73846,1.145922,0.41302,73,53,80,23,15.5,3.42723,-11.91753,59.2447,-0.4295
INFO,IHS Markit Ltd,47.88,2.3933,$20.78B,1.30368,United Kingdom,Industrials,Professional Services,-5.59276,-5.39411,0.825743,0.25939,23,71,45,20,38.9,,6.5019,97.8134,-0.6585
SYF,Synchrony Financial,13.41,6.72288,$8.99B,6.0274,United States of America,Financials,Consumer Finance,-55.86457,-54.74433,1.074986,0.49059,97,92,53,86,2.4,0.29721,-7.57576,87.2224,-3.8545
CFG,Citizens Financial Group Inc,17.52,4.59208,$7.52B,8.981,United States of America,Financials,Banks,-51.39899,-49.49693,1.423807,0.48093,89,44,55,50,4.6,0.79467,-1.81102,93.9524,-1.1676
KEYS,Keysight Technologies Inc,83.09,1.77187,$16.15B,,United States of America,Information Technology,"Electronic Equipment, Instruments & Components",-0.37084,-0.37084,0.708036,0.28329,65,79,55,44,23.7,2.56389,13.62288,85.7468,1.0866
QRVO,Qorvo Inc,70.85,1.95221,$8.55B,,United States of America,Information Technology,Semiconductors & Semiconductor Equipment,5.33447,5.33447,0.621771,0.40092,87,83,75,54,24.7,2.79794,5.44983,88.8765,-3.5781
WRK,WestRock Company,25.52,2.8499,$6.50B,7.39269,United States of America,Materials,Containers & Packaging,-34.58138,-31.40212,1.736561,0.41739,77,61,24,73,7.7,-3.8025,-19.09548,81.5749,1.4312
KHC,The Kraft Heinz Co,22.28,8.32047,$27.20B,7.18133,United States of America,Consumer Staples,Food Products,-30.65671,-26.51629,0.894457,0.34995,62,52,78,41,14.1,-2.72036,-21.4386,57.001,-0.0437
PYPL,PayPal Holdings Inc,86.68,8.0731,$109.90B,,United States of America,Information Technology,IT Services,-7.73094,-7.73094,0.963147,0.27419,63,43,31,76,41.9,2.42582,10.74194,82.3696,2.2981
HPE,Hewlett Packard Enterprise Co,8.63,10.13061,$11.78B,5.26894,United States of America,Information Technology,"Technology Hardware, Storage & Peripherals",-42.63224,-40.67235,1.157641,0.36522,82,81,47,94,9.7,1.54202,-0.33898,82.0404,-0.3464
STE,Steris Plc,115.7,0.77586,$10.28B,1.22092,Ireland,Health Care,Health Care Equipment & Supplies,-1.69492,-0.76293,0.598568,0.27129,80,96,61,75,25.2,,14.86708,86.9204,0.2514
UA,Under Armour Inc,7.23,3.17559,$3.62B,,United States of America,Consumer Discretionary,"Textiles, Apparel & Luxury Goods",-59.40193,-59.40193,1.58564,0.52921,58,71,34,63,40.9,2.12015,-60.29412,69.8019,2.0091
FTV,Fortive Corp,45.58,2.05879,$15.47B,0.60803,United States of America,Industrials,Machinery,-44.55148,-44.3361,0.942273,0.33519,38,19,38,40,23.6,2.10361,7.47126,82.9623,0.784
LW,Lamb Weston Holdings Inc,47.63,1.17063,$7.13B,1.88486,United States of America,Consumer Staples,Food Products,-29.98135,-29.21476,0.481491,0.44446,71,76,63,38,13.8,2.57981,8.60248,84.8356,-3.5701
IR,Ingersoll Rand Inc,19.61,3.24505,$4.10B,,United States of America,Industrials,Machinery,-27.8659,-27.8659,1.014555,0.45836,61,52,24,27,25.8,1.73217,,,
DD,DuPont  De Nemours Inc,31.47,6.82736,$23.38B,3.79027,United States of America,Materials,Chemicals,-59.60275,-65.28426,1.029395,0.37778,19,29,5,36,--,,-3.34211,74.4042,1.254
LIN,Linde Plc,151.3,2.07089,$82.30B,2.50114,United Kingdom,Materials,Chemicals,-11.27434,-9.6339,1.242403,0.26971,23,41,14,60,37.8,3.28261,10.95368,74.0481,-0.6082
